code,name,market,yf_ticker
005930,삼성전자,KOSPI,005930.KS
000660,SK하이닉스,KOSPI,000660.KS
207940,삼성바이오로직스,KOSPI,207940.KS
373220,LG에너지솔루션,KOSPI,373220.KS
012450,한화에어로스페이스,KOSPI,012450.KS
105560,KB금융,KOSPI,105560.KS
005935,삼성전자우,KOSPI,005935.KS
005380,현대차,KOSPI,005380.KS
329180,HD현대중공업,KOSPI,329180.KS
000270,기아,KOSPI,000270.KS
068270,셀트리온,KOSPI,068270.KS
035420,NAVER,KOSPI,035420.KS
034020,두산에너빌리티,KOSPI,034020.KS
055550,신한지주,KOSPI,055550.KS
028260,삼성물산,KOSPI,028260.KS
032830,삼성생명,KOSPI,032830.KS
042660,한화오션,KOSPI,042660.KS
012330,현대모비스,KOSPI,012330.KS
009540,HD한국조선해양,KOSPI,009540.KS
011200,HMM,KOSPI,011200.KS
086790,하나금융지주,KOSPI,086790.KS
005490,POSCO홀딩스,KOSPI,005490.KS
000810,삼성화재,KOSPI,000810.KS
138040,메리츠금융지주,KOSPI,138040.KS
035720,카카오,KOSPI,035720.KS
015760,한국전력,KOSPI,015760.KS
259960,크래프톤,KOSPI,259960.KS
402340,SK스퀘어,KOSPI,402340.KS
064350,현대로템,KOSPI,064350.KS
010130,고려아연,KOSPI,010130.KS
316140,우리금융지주,KOSPI,316140.KS
033780,KT&G,KOSPI,033780.KS
010140,삼성중공업,KOSPI,010140.KS
051910,LG화학,KOSPI,051910.KS
267260,HD현대일렉트릭,KOSPI,267260.KS
096770,SK이노베이션,KOSPI,096770.KS
034730,SK,KOSPI,034730.KS
024110,기업은행,KOSPI,024110.KS
030200,KT,KOSPI,030200.KS
006400,삼성SDI,KOSPI,006400.KS
352820,하이브,KOSPI,352820.KS
066570,LG전자,KOSPI,066570.KS
003550,LG,KOSPI,003550.KS
323410,카카오뱅크,KOSPI,323410.KS
017670,SK텔레콤,KOSPI,017670.KS
018260,삼성에스디에스,KOSPI,018260.KS
006800,미래에셋증권,KOSPI,006800.KS
180640,한진칼,KOSPI,180640.KS
079550,LIG넥스원,KOSPI,079550.KS
009150,삼성전기,KOSPI,009150.KS
267250,HD현대,KOSPI,267250.KS
003670,포스코퓨처엠,KOSPI,003670.KS
000150,두산,KOSPI,000150.KS
047050,포스코인터내셔널,KOSPI,047050.KS
086280,현대글로비스,KOSPI,086280.KS
047810,한국항공우주,KOSPI,047810.KS
003230,삼양식품,KOSPI,003230.KS
003490,대한항공,KOSPI,003490.KS
000100,유한양행,KOSPI,000100.KS
272210,한화시스템,KOSPI,272210.KS
443060,HD현대마린솔루션,KOSPI,443060.KS
090430,아모레퍼시픽,KOSPI,090430.KS
042700,한미반도체,KOSPI,042700.KS
010620,HD현대미포,KOSPI,010620.KS
010120,LS ELECTRIC,KOSPI,010120.KS
000720,현대건설,KOSPI,000720.KS
005830,DB손해보험,KOSPI,005830.KS
326030,SK바이오팜,KOSPI,326030.KS
000880,한화,KOSPI,000880.KS
021240,코웨이,KOSPI,021240.KS
071050,한국금융지주,KOSPI,071050.KS
010950,S-Oil,KOSPI,010950.KS
298040,효성중공업,KOSPI,298040.KS
005940,NH투자증권,KOSPI,005940.KS
006260,LS,KOSPI,006260.KS
088980,맥쿼리인프라,KOSPI,088980.KS
032640,LG유플러스,KOSPI,032640.KS
016360,삼성증권,KOSPI,016360.KS
009830,한화솔루션,KOSPI,009830.KS
051900,LG생활건강,KOSPI,051900.KS
005387,현대차2우B,KOSPI,005387.KS
029780,삼성카드,KOSPI,029780.KS
377300,카카오페이,KOSPI,377300.KS
064400,LG씨엔에스,KOSPI,064400.KS
161390,한국타이어앤테크놀로지,KOSPI,161390.KS
251270,넷마블,KOSPI,251270.KS
241560,두산밥캣,KOSPI,241560.KS
278470,에이피알,KOSPI,278470.KS
001040,CJ,KOSPI,001040.KS
271560,오리온,KOSPI,271560.KS
028050,삼성E&A,KOSPI,028050.KS
039490,키움증권,KOSPI,039490.KS
034220,LG디스플레이,KOSPI,034220.KS
078930,GS,KOSPI,078930.KS
307950,현대오토에버,KOSPI,307950.KS
128940,한미약품,KOSPI,128940.KS
004020,현대제철,KOSPI,004020.KS
036570,엔씨소프트,KOSPI,036570.KS
036460,한국가스공사,KOSPI,036460.KS
175330,JB금융지주,KOSPI,175330.KS
035250,강원랜드,KOSPI,035250.KS
302440,SK바이오사이언스,KOSPI,302440.KS
011790,SKC,KOSPI,011790.KS
097950,CJ제일제당,KOSPI,097950.KS
138930,BNK금융지주,KOSPI,138930.KS
005385,현대차우,KOSPI,005385.KS
011070,LG이노텍,KOSPI,011070.KS
022100,포스코DX,KOSPI,022100.KS
454910,두산로보틱스,KOSPI,454910.KS
004990,롯데지주,KOSPI,004990.KS
450080,에코프로머티,KOSPI,450080.KS
017800,현대엘리베이터,KOSPI,017800.KS
011780,금호석유화학,KOSPI,011780.KS
007660,이수페타시스,KOSPI,007660.KS
462870,시프트업,KOSPI,462870.KS
383220,F&F,KOSPI,383220.KS
002380,KCC,KOSPI,002380.KS
052690,한전기술,KOSPI,052690.KS
088350,한화생명,KOSPI,088350.KS
026960,동서,KOSPI,026960.KS
111770,영원무역,KOSPI,111770.KS
012750,에스원,KOSPI,012750.KS
489790,한화비전,KOSPI,489790.KS
011170,롯데케미칼,KOSPI,011170.KS
031210,서울보증보험,KOSPI,031210.KS
004370,농심,KOSPI,004370.KS
192820,코스맥스,KOSPI,192820.KS
001440,대한전선,KOSPI,001440.KS
008930,한미사이언스,KOSPI,008930.KS
139480,이마트,KOSPI,139480.KS
082740,한화엔진,KOSPI,082740.KS
001450,현대해상,KOSPI,001450.KS
002790,아모레퍼시픽홀딩스,KOSPI,002790.KS
023530,롯데쇼핑,KOSPI,023530.KS
030000,제일기획,KOSPI,030000.KS
081660,미스토홀딩스,KOSPI,081660.KS
018880,한온시스템,KOSPI,018880.KS
112610,씨에스윈드,KOSPI,112610.KS
066970,엘앤에프,KOSPI,066970.KS
020560,아시아나항공,KOSPI,020560.KS
062040,산일전기,KOSPI,062040.KS
006360,GS건설,KOSPI,006360.KS
161890,한국콜마,KOSPI,161890.KS
051600,한전KPS,KOSPI,051600.KS
018670,SK가스,KOSPI,018670.KS
001720,신영증권,KOSPI,001720.KS
028670,팬오션,KOSPI,028670.KS
000990,DB하이텍,KOSPI,000990.KS
000120,CJ대한통운,KOSPI,000120.KS
282330,BGF리테일,KOSPI,282330.KS
008770,호텔신라,KOSPI,008770.KS
375500,DL이앤씨,KOSPI,375500.KS
139130,iM금융지주,KOSPI,139130.KS
047040,대우건설,KOSPI,047040.KS
003690,코리안리,KOSPI,003690.KS
069620,대웅제약,KOSPI,069620.KS
006040,동원산업,KOSPI,006040.KS
012510,더존비즈온,KOSPI,012510.KS
103140,풍산,KOSPI,103140.KS
042670,HD현대인프라코어,KOSPI,042670.KS
000240,한국앤컴퍼니,KOSPI,000240.KS
009970,영원무역홀딩스,KOSPI,009970.KS
483650,달바글로벌,KOSPI,483650.KS
004170,신세계,KOSPI,004170.KS
007310,오뚜기,KOSPI,007310.KS
069960,현대백화점,KOSPI,069960.KS
003090,대웅,KOSPI,003090.KS
003570,SNT다이내믹스,KOSPI,003570.KS
361610,SK아이이테크놀로지,KOSPI,361610.KS
204320,HL만도,KOSPI,204320.KS
294870,HDC현대산업개발,KOSPI,294870.KS
014680,한솔케미칼,KOSPI,014680.KS
006280,녹십자,KOSPI,006280.KS
071970,HD현대마린엔진,KOSPI,071970.KS
005850,에스엘,KOSPI,005850.KS
010060,OCI홀딩스,KOSPI,010060.KS
000080,하이트진로,KOSPI,000080.KS
103590,일진전기,KOSPI,103590.KS
137310,에스디바이오센서,KOSPI,137310.KS
000155,두산우,KOSPI,000155.KS
001800,오리온홀딩스,KOSPI,001800.KS
007340,DN오토모티브,KOSPI,007340.KS
395400,SK리츠,KOSPI,395400.KS
009420,한올바이오파마,KOSPI,009420.KS
300720,한일시멘트,KOSPI,300720.KS
007070,GS리테일,KOSPI,007070.KS
073240,금호타이어,KOSPI,073240.KS
012630,HDC,KOSPI,012630.KS
457190,이수스페셜티케미컬,KOSPI,457190.KS
034230,파라다이스,KOSPI,034230.KS
023590,다우기술,KOSPI,023590.KS
003540,대신증권,KOSPI,003540.KS
267270,HD현대건설기계,KOSPI,267270.KS
005440,현대지에프홀딩스,KOSPI,005440.KS
336260,두산퓨얼셀,KOSPI,336260.KS
089860,롯데렌탈,KOSPI,089860.KS
000500,가온전선,KOSPI,000500.KS
005070,코스모신소재,KOSPI,005070.KS
185750,종근당,KOSPI,185750.KS
100090,SK오션플랜트,KOSPI,100090.KS
011210,현대위아,KOSPI,011210.KS
020150,롯데에너지머티리얼즈,KOSPI,020150.KS
003240,태광산업,KOSPI,003240.KS
484870,엠앤씨솔루션,KOSPI,484870.KS
017960,한국카본,KOSPI,017960.KS
085620,미래에셋생명,KOSPI,085620.KS
280360,롯데웰푸드,KOSPI,280360.KS
004800,효성,KOSPI,004800.KS
001120,LX인터내셔널,KOSPI,001120.KS
192400,쿠쿠홀딩스,KOSPI,192400.KS
005300,롯데칠성,KOSPI,005300.KS
192080,더블유게임즈,KOSPI,192080.KS
330590,롯데리츠,KOSPI,330590.KS
298020,효성티앤씨,KOSPI,298020.KS
009240,한샘,KOSPI,009240.KS
009450,경동나비엔,KOSPI,009450.KS
285130,SK케미칼,KOSPI,285130.KS
003530,한화투자증권,KOSPI,003530.KS
000210,DL,KOSPI,000210.KS
108320,LX세미콘,KOSPI,108320.KS
229640,LS에코에너지,KOSPI,229640.KS
032350,롯데관광개발,KOSPI,032350.KS
082640,동양생명,KOSPI,082640.KS
004000,롯데정밀화학,KOSPI,004000.KS
415640,KB발해인프라,KOSPI,415640.KS
004490,세방전지,KOSPI,004490.KS
000815,삼성화재우,KOSPI,000815.KS
003030,세아제강지주,KOSPI,003030.KS
077970,STX엔진,KOSPI,077970.KS
006120,SK디스커버리,KOSPI,006120.KS
001740,SK네트웍스,KOSPI,001740.KS
071320,지역난방공사,KOSPI,071320.KS
036530,SNT홀딩스,KOSPI,036530.KS
014820,동원시스템즈,KOSPI,014820.KS
365550,ESR켄달스퀘어리츠,KOSPI,365550.KS
298050,HS효성첨단소재,KOSPI,298050.KS
120110,코오롱인더,KOSPI,120110.KS
00680K,미래에셋증권2우B,KOSPI,00680K.KS
114090,GKL,KOSPI,114090.KS
030610,교보증권,KOSPI,030610.KS
100840,SNT에너지,KOSPI,100840.KS
002840,미원상사,KOSPI,002840.KS
079160,CJ CGV,KOSPI,079160.KS
005180,빙그레,KOSPI,005180.KS
009410,태영건설,KOSPI,009410.KS
030190,NICE평가정보,KOSPI,030190.KS
001430,세아베스틸지주,KOSPI,001430.KS
000670,영풍,KOSPI,000670.KS
008730,율촌화학,KOSPI,008730.KS
268280,미원에스씨,KOSPI,268280.KS
950210,프레스티지바이오파마,KOSPI,950210.KS
039130,하나투어,KOSPI,039130.KS
064960,SNT모티브,KOSPI,064960.KS
049770,동원F&B,KOSPI,049770.KS
353200,대덕전자,KOSPI,353200.KS
001680,대상,KOSPI,001680.KS
051915,LG화학우,KOSPI,051915.KS
381970,케이카,KOSPI,381970.KS
000070,삼양홀딩스,KOSPI,000070.KS
005250,녹십자홀딩스,KOSPI,005250.KS
000640,동아쏘시오홀딩스,KOSPI,000640.KS
003850,보령,KOSPI,003850.KS
181710,NHN,KOSPI,181710.KS
248070,솔루엠,KOSPI,248070.KS
214320,이노션,KOSPI,214320.KS
145720,덴티움,KOSPI,145720.KS
005690,파미셀,KOSPI,005690.KS
079900,전진건설로봇,KOSPI,079900.KS
010780,아이에스동서,KOSPI,010780.KS
001530,DI동일,KOSPI,001530.KS
003620,KG모빌리티,KOSPI,003620.KS
003470,유안타증권,KOSPI,003470.KS
475150,SK이터닉스,KOSPI,475150.KS
293940,신한알파리츠,KOSPI,293940.KS
383800,LX홀딩스,KOSPI,383800.KS
00088K,한화3우B,KOSPI,00088K.KS
451800,한화리츠,KOSPI,451800.KS
057050,현대홈쇼핑,KOSPI,057050.KS
069260,TKG휴켐스,KOSPI,069260.KS
002350,넥센타이어,KOSPI,002350.KS
075580,세진중공업,KOSPI,075580.KS
007700,F&F홀딩스,KOSPI,007700.KS
499790,GS피앤엘,KOSPI,499790.KS
066575,LG전자우,KOSPI,066575.KS
336370,솔루스첨단소재,KOSPI,336370.KS
001570,금양,KOSPI,001570.KS
025540,한국단자,KOSPI,025540.KS
016380,KG스틸,KOSPI,016380.KS
006380,카프로,KOSPI,006380.KS
097230,HJ중공업,KOSPI,097230.KS
453340,현대그린푸드,KOSPI,453340.KS
002030,아세아,KOSPI,002030.KS
284740,쿠쿠홈시스,KOSPI,284740.KS
014830,유니드,KOSPI,014830.KS
003300,한일홀딩스,KOSPI,003300.KS
019170,신풍제약,KOSPI,019170.KS
322000,HD현대에너지솔루션,KOSPI,322000.KS
000370,한화손해보험,KOSPI,000370.KS
005420,코스모화학,KOSPI,005420.KS
089590,제주항공,KOSPI,089590.KS
004690,삼천리,KOSPI,004690.KS
006650,대한유화,KOSPI,006650.KS
348950,제이알글로벌리츠,KOSPI,348950.KS
145990,삼양사,KOSPI,145990.KS
001060,JW중외제약,KOSPI,001060.KS
161000,애경케미칼,KOSPI,161000.KS
281820,케이씨텍,KOSPI,281820.KS
002960,한국쉘석유,KOSPI,002960.KS
00104K,CJ4우(전환),KOSPI,00104K.KS
000400,롯데손해보험,KOSPI,000400.KS
017940,E1,KOSPI,017940.KS
377740,바이오노트,KOSPI,377740.KS
456040,OCI,KOSPI,456040.KS
093050,LF,KOSPI,093050.KS
271940,일진하이솔루스,KOSPI,271940.KS
005880,대한해운,KOSPI,005880.KS
016800,퍼시스,KOSPI,016800.KS
178920,PI첨단소재,KOSPI,178920.KS
344820,KCC글라스,KOSPI,344820.KS
005810,풍산홀딩스,KOSPI,005810.KS
272450,진에어,KOSPI,272450.KS
029530,신도리코,KOSPI,029530.KS
003545,대신증권우,KOSPI,003545.KS
017810,풀무원,KOSPI,017810.KS
093370,후성,KOSPI,093370.KS
090435,아모레퍼시픽우,KOSPI,090435.KS
002240,고려제강,KOSPI,002240.KS
097520,엠씨넥스,KOSPI,097520.KS
034120,SBS,KOSPI,034120.KS
005610,SPC삼립,KOSPI,005610.KS
241590,화승엔터프라이즈,KOSPI,241590.KS
071055,한국금융지주우,KOSPI,071055.KS
183190,아세아시멘트,KOSPI,183190.KS
002710,TCC스틸,KOSPI,002710.KS
003920,남양유업,KOSPI,003920.KS
017860,DS단석,KOSPI,017860.KS
034310,NICE,KOSPI,034310.KS
001500,현대차증권,KOSPI,001500.KS
170900,동아에스티,KOSPI,170900.KS
002020,코오롱,KOSPI,002020.KS
003160,디아이,KOSPI,003160.KS
460860,동국제강,KOSPI,460860.KS
306200,세아제강,KOSPI,306200.KS
024720,콜마홀딩스,KOSPI,024720.KS
091810,티웨이항공,KOSPI,091810.KS
009900,명신산업,KOSPI,009900.KS
026890,스틱인베스트먼트,KOSPI,026890.KS
403550,쏘카,KOSPI,403550.KS
105630,한세실업,KOSPI,105630.KS
005390,신성통상,KOSPI,005390.KS
001270,부국증권,KOSPI,001270.KS
037270,YG PLUS,KOSPI,037270.KS
357120,코람코라이프인프라리츠,KOSPI,357120.KS
090460,비에이치,KOSPI,090460.KS
192650,드림텍,KOSPI,192650.KS
448730,삼성FN리츠,KOSPI,448730.KS
058650,세아홀딩스,KOSPI,058650.KS
130660,한전산업,KOSPI,130660.KS
016590,신대양제지,KOSPI,016590.KS
027410,BGF,KOSPI,027410.KS
094800,맵스리얼티1,KOSPI,094800.KS
432320,KB스타리츠,KOSPI,432320.KS
003520,영진약품,KOSPI,003520.KS
475560,더본코리아,KOSPI,475560.KS
004700,조광피혁,KOSPI,004700.KS
018250,애경산업,KOSPI,018250.KS
084690,대상홀딩스,KOSPI,084690.KS
084010,대한제강,KOSPI,084010.KS
092790,넥스틸,KOSPI,092790.KS
060980,HL홀딩스,KOSPI,060980.KS
003280,흥아해운,KOSPI,003280.KS
031430,신세계인터내셔날,KOSPI,031430.KS
003960,사조대림,KOSPI,003960.KS
025860,남해화학,KOSPI,025860.KS
020000,한섬,KOSPI,020000.KS
900140,엘브이엠씨홀딩스,KOSPI,900140.KS
126720,수산인더스트리,KOSPI,126720.KS
072710,농심홀딩스,KOSPI,072710.KS
011760,현대코퍼레이션,KOSPI,011760.KS
013890,지누스,KOSPI,013890.KS
001940,KISCO홀딩스,KOSPI,001940.KS
006220,제주은행,KOSPI,006220.KS
126560,현대퓨처넷,KOSPI,126560.KS
249420,일동제약,KOSPI,249420.KS
005090,SGC에너지,KOSPI,005090.KS
093230,이아이디,KOSPI,093230.KS
005389,현대차3우B,KOSPI,005389.KS
104700,한국철강,KOSPI,104700.KS
033270,유나이티드제약,KOSPI,033270.KS
001200,유진투자증권,KOSPI,001200.KS
016610,DB증권,KOSPI,016610.KS
195870,해성디에스,KOSPI,195870.KS
000157,두산2우B,KOSPI,000157.KS
034830,한국토지신탁,KOSPI,034830.KS
200880,서연이화,KOSPI,200880.KS
002310,아세아제지,KOSPI,002310.KS
005720,넥센,KOSPI,005720.KS
009160,SIMPAC,KOSPI,009160.KS
007690,국도화학,KOSPI,007690.KS
015360,INVENI,KOSPI,015360.KS
194370,제이에스코퍼레이션,KOSPI,194370.KS
035150,백산,KOSPI,035150.KS
011930,신성이엔지,KOSPI,011930.KS
006390,한일현대시멘트,KOSPI,006390.KS
002320,한진,KOSPI,002320.KS
001390,KG케미칼,KOSPI,001390.KS
001510,SK증권,KOSPI,001510.KS
123890,한국자산신탁,KOSPI,123890.KS
003220,대원제약,KOSPI,003220.KS
029460,케이씨,KOSPI,029460.KS
005945,NH투자증권우,KOSPI,005945.KS
017390,서울가스,KOSPI,017390.KS
012030,DB,KOSPI,012030.KS
009680,모토닉,KOSPI,009680.KS
000680,LS네트웍스,KOSPI,000680.KS
009290,광동제약,KOSPI,009290.KS
010690,화신,KOSPI,010690.KS
377190,디앤디플랫폼리츠,KOSPI,377190.KS
088260,이리츠코크렙,KOSPI,088260.KS
108670,LX하우시스,KOSPI,108670.KS
286940,롯데이노베이트,KOSPI,286940.KS
006110,삼아알미늄,KOSPI,006110.KS
004430,송원산업,KOSPI,004430.KS
092230,KPX홀딩스,KOSPI,092230.KS
002810,삼영무역,KOSPI,002810.KS
000320,노루홀딩스,KOSPI,000320.KS
033240,자화전자,KOSPI,033240.KS
226320,잇츠한불,KOSPI,226320.KS
007160,사조산업,KOSPI,007160.KS
000490,대동,KOSPI,000490.KS
051905,LG생활건강우,KOSPI,051905.KS
004360,세방,KOSPI,004360.KS
003120,일성아이에스,KOSPI,003120.KS
003000,부광약품,KOSPI,003000.KS
096760,JW홀딩스,KOSPI,096760.KS
005010,휴스틸,KOSPI,005010.KS
122900,아이마켓코리아,KOSPI,122900.KS
001630,종근당홀딩스,KOSPI,001630.KS
006060,화승인더,KOSPI,006060.KS
001820,삼화콘덴서,KOSPI,001820.KS
000540,흥국화재,KOSPI,000540.KS
008060,대덕,KOSPI,008060.KS
003200,일신방직,KOSPI,003200.KS
001340,PKC,KOSPI,001340.KS
001230,동국홀딩스,KOSPI,001230.KS
001790,대한제당,KOSPI,001790.KS
138490,코오롱ENP,KOSPI,138490.KS
005500,삼진제약,KOSPI,005500.KS
339770,교촌에프앤비,KOSPI,339770.KS
298690,에어부산,KOSPI,298690.KS
000480,CR홀딩스,KOSPI,000480.KS
007810,코리아써키트,KOSPI,007810.KS
001130,대한제분,KOSPI,001130.KS
007570,일양약품,KOSPI,007570.KS
452260,한화갤러리아,KOSPI,452260.KS
039570,HDC랩스,KOSPI,039570.KS
000140,하이트진로홀딩스,KOSPI,000140.KS
015860,일진홀딩스,KOSPI,015860.KS
007860,서연,KOSPI,007860.KS
136490,선진,KOSPI,136490.KS
001460,BYC,KOSPI,001460.KS
036420,콘텐트리중앙,KOSPI,036420.KS
000520,삼일제약,KOSPI,000520.KS
000430,대원강업,KOSPI,000430.KS
011500,한농화성,KOSPI,011500.KS
334890,이지스밸류플러스리츠,KOSPI,334890.KS
011000,진원생명과학,KOSPI,011000.KS
003350,한국화장품제조,KOSPI,003350.KS
487570,HS효성,KOSPI,487570.KS
033920,무학,KOSPI,033920.KS
037710,광주신세계,KOSPI,037710.KS
044450,KSS해운,KOSPI,044450.KS
058430,포스코스틸리온,KOSPI,058430.KS
004980,성신양회,KOSPI,004980.KS
025000,KPX케미칼,KOSPI,025000.KS
070960,모나용평,KOSPI,070960.KS
002150,도화엔지니어링,KOSPI,002150.KS
053210,스카이라이프,KOSPI,053210.KS
214420,토니모리,KOSPI,214420.KS
005680,삼영전자,KOSPI,005680.KS
008970,동양철관,KOSPI,008970.KS
002900,TYM,KOSPI,002900.KS
030210,다올투자증권,KOSPI,030210.KS
001780,알루코,KOSPI,001780.KS
007460,에이프로젠,KOSPI,007460.KS
006340,대원전선,KOSPI,006340.KS
016580,환인제약,KOSPI,016580.KS
028100,동아지질,KOSPI,028100.KS
001250,GS글로벌,KOSPI,001250.KS
008490,서흥,KOSPI,008490.KS
117580,대성에너지,KOSPI,117580.KS
000050,경방,KOSPI,000050.KS
101530,해태제과식품,KOSPI,101530.KS
293480,하나제약,KOSPI,293480.KS
001750,한양증권,KOSPI,001750.KS
004380,삼익THK,KOSPI,004380.KS
102260,동성케미컬,KOSPI,102260.KS
083420,그린케미칼,KOSPI,083420.KS
213500,한솔제지,KOSPI,213500.KS
417310,코람코더원리츠,KOSPI,417310.KS
084680,이월드,KOSPI,084680.KS
007110,일신석재,KOSPI,007110.KS
404990,신한서부티엔디리츠,KOSPI,404990.KS
272550,삼양패키징,KOSPI,272550.KS
102460,이연제약,KOSPI,102460.KS
006490,인스코비,KOSPI,006490.KS
095720,웅진씽크빅,KOSPI,095720.KS
037560,LG헬로비전,KOSPI,037560.KS
018470,조일알미늄,KOSPI,018470.KS
009270,신원,KOSPI,009270.KS
019680,대교,KOSPI,019680.KS
234080,JW생명과학,KOSPI,234080.KS
013580,계룡건설,KOSPI,013580.KS
035510,신세계 I&C,KOSPI,035510.KS
105840,우진,KOSPI,105840.KS
001045,CJ우,KOSPI,001045.KS
053690,한미글로벌,KOSPI,053690.KS
002100,경농,KOSPI,002100.KS
460850,동국씨엠,KOSPI,460850.KS
071840,롯데하이마트,KOSPI,071840.KS
02826K,삼성물산우B,KOSPI,02826K.KS
009470,삼화전기,KOSPI,009470.KS
003830,대한화섬,KOSPI,003830.KS
004560,현대비앤지스틸,KOSPI,004560.KS
097955,CJ제일제당 우,KOSPI,097955.KS
271980,제일약품,KOSPI,271980.KS
128820,대성산업,KOSPI,128820.KS
078520,에이블씨엔씨,KOSPI,078520.KS
081000,일진다이아,KOSPI,081000.KS
000020,동화약품,KOSPI,000020.KS
092200,디아이씨,KOSPI,092200.KS
003555,LG우,KOSPI,003555.KS
100250,진양홀딩스,KOSPI,100250.KS
009580,무림P&P,KOSPI,009580.KS
010820,퍼스텍,KOSPI,010820.KS
090350,노루페인트,KOSPI,090350.KS
003650,미창석유,KOSPI,003650.KS
210980,SK디앤디,KOSPI,210980.KS
095570,AJ네트웍스,KOSPI,095570.KS
003547,대신증권2우B,KOSPI,003547.KS
107590,미원홀딩스,KOSPI,107590.KS
011785,금호석유화학우,KOSPI,011785.KS
003070,코오롱글로벌,KOSPI,003070.KS
134380,미원화학,KOSPI,134380.KS
068290,삼성출판사,KOSPI,068290.KS
009155,삼성전기우,KOSPI,009155.KS
016450,한세예스24홀딩스,KOSPI,016450.KS
016880,웅진,KOSPI,016880.KS
005430,한국공항,KOSPI,005430.KS
004710,한솔테크닉스,KOSPI,004710.KS
003610,방림,KOSPI,003610.KS
006405,삼성SDI우,KOSPI,006405.KS
008040,사조동아원,KOSPI,008040.KS
079430,현대리바트,KOSPI,079430.KS
000860,강남제비스코,KOSPI,000860.KS
000390,삼화페인트,KOSPI,000390.KS
000700,유수홀딩스,KOSPI,000700.KS
000300,DH오토넥스,KOSPI,000300.KS
015230,대창단조,KOSPI,015230.KS
004250,NPC,KOSPI,004250.KS
000970,한국주철관,KOSPI,000970.KS
400760,NH올원리츠,KOSPI,400760.KS
002170,삼양통상,KOSPI,002170.KS
008350,남선알미늄,KOSPI,008350.KS
003480,한진중공업홀딩스,KOSPI,003480.KS
011280,태림포장,KOSPI,011280.KS
006840,AK홀딩스,KOSPI,006840.KS
002390,한독,KOSPI,002390.KS
139990,아주스틸,KOSPI,139990.KS
008110,대동전자,KOSPI,008110.KS
007210,벽산,KOSPI,007210.KS
462520,조선내화,KOSPI,462520.KS
004970,신라교역,KOSPI,004970.KS
015890,태경산업,KOSPI,015890.KS
350520,이지스레지던스리츠,KOSPI,350520.KS
010955,S-Oil우,KOSPI,010955.KS
004090,한국석유,KOSPI,004090.KS
092220,KEC,KOSPI,092220.KS
027970,한국제지,KOSPI,027970.KS
003460,유화증권,KOSPI,003460.KS
024090,디씨엠,KOSPI,024090.KS
012320,경동인베스트,KOSPI,012320.KS
001360,삼성제약,KOSPI,001360.KS
003580,HLB글로벌,KOSPI,003580.KS
363280,티와이홀딩스,KOSPI,363280.KS
317400,자이에스앤디,KOSPI,317400.KS
00279K,아모레퍼시픽홀딩스3우C,KOSPI,00279K.KS
016710,대성홀딩스,KOSPI,016710.KS
011330,유니켐,KOSPI,011330.KS
001520,동양,KOSPI,001520.KS
298000,효성화학,KOSPI,298000.KS
025820,이구산업,KOSPI,025820.KS
044820,코스맥스비티아이,KOSPI,044820.KS
244920,에이플러스에셋,KOSPI,244920.KS
214330,금호에이치티,KOSPI,214330.KS
094280,효성ITX,KOSPI,094280.KS
031440,신세계푸드,KOSPI,031440.KS
450140,코오롱모빌리티그룹,KOSPI,450140.KS
210540,디와이파워,KOSPI,210540.KS
077500,유니퀘스트,KOSPI,077500.KS
010580,에스엠벡셀,KOSPI,010580.KS
004080,신흥,KOSPI,004080.KS
003720,삼영,KOSPI,003720.KS
033180,KH 필룩스,KOSPI,033180.KS
003060,에이프로젠바이오로직스,KOSPI,003060.KS
012610,경인양행,KOSPI,012610.KS
006890,태경케미컬,KOSPI,006890.KS
014280,금강공업,KOSPI,014280.KS
007540,샘표,KOSPI,007540.KS
010100,한국무브넥스,KOSPI,010100.KS
002620,제일파마홀딩스,KOSPI,002620.KS
001020,페이퍼코리아,KOSPI,001020.KS
020120,키다리스튜디오,KOSPI,020120.KS
267850,아시아나IDT,KOSPI,267850.KS
214390,경보제약,KOSPI,214390.KS
014580,태경비케이,KOSPI,014580.KS
120030,조선선재,KOSPI,120030.KS
033530,SJG세종,KOSPI,033530.KS
017370,우신시스템,KOSPI,017370.KS
069460,대호에이엘,KOSPI,069460.KS
089470,HDC현대EP,KOSPI,089470.KS
063160,종근당바이오,KOSPI,063160.KS
014160,대영포장,KOSPI,014160.KS
005950,이수화학,KOSPI,005950.KS
005870,휴니드,KOSPI,005870.KS
058850,KTcs,KOSPI,058850.KS
248170,샘표식품,KOSPI,248170.KS
002990,금호건설,KOSPI,002990.KS
035000,HS애드,KOSPI,035000.KS
012800,대창,KOSPI,012800.KS
014530,극동유화,KOSPI,014530.KS
480370,씨케이솔루션,KOSPI,480370.KS
015590,DKME,KOSPI,015590.KS
009070,KCTC,KOSPI,009070.KS
004150,한솔홀딩스,KOSPI,004150.KS
006660,삼성공조,KOSPI,006660.KS
019440,세아특수강,KOSPI,019440.KS
004140,동방,KOSPI,004140.KS
023450,동남합성,KOSPI,023450.KS
078000,텔코웨어,KOSPI,078000.KS
002200,한국수출포장,KOSPI,002200.KS
101140,인바이오젠,KOSPI,101140.KS
013570,디와이,KOSPI,013570.KS
005960,동부건설,KOSPI,005960.KS
013360,일성건설,KOSPI,013360.KS
011690,와이투솔루션,KOSPI,011690.KS
000105,유한양행우,KOSPI,000105.KS
001080,만호제강,KOSPI,001080.KS
005740,크라운해태홀딩스,KOSPI,005740.KS
267290,경동도시가스,KOSPI,267290.KS
008700,아남전자,KOSPI,008700.KS
002630,오리엔트바이오,KOSPI,002630.KS
123690,한국화장품,KOSPI,123690.KS
067830,세이브존I&C,KOSPI,067830.KS
002450,삼익악기,KOSPI,002450.KS
017900,광전자,KOSPI,017900.KS
011390,부산산업,KOSPI,011390.KS
002780,진흥기업,KOSPI,002780.KS
017550,수산세보틱스,KOSPI,017550.KS
227840,현대코퍼레이션홀딩스,KOSPI,227840.KS
005800,신영와코루,KOSPI,005800.KS
004310,현대약품,KOSPI,004310.KS
034590,인천도시가스,KOSPI,034590.KS
264900,크라운제과,KOSPI,264900.KS
011700,한신기계,KOSPI,011700.KS
396690,미래에셋글로벌리츠,KOSPI,396690.KS
011150,CJ씨푸드,KOSPI,011150.KS
004100,태양금속,KOSPI,004100.KS
002460,HS화성,KOSPI,002460.KS
014710,사조씨푸드,KOSPI,014710.KS
002700,신일전자,KOSPI,002700.KS
004890,동일산업,KOSPI,004890.KS
079980,휴비스,KOSPI,079980.KS
008260,NI스틸,KOSPI,008260.KS
000180,성창기업지주,KOSPI,000180.KS
013520,화승코퍼레이션,KOSPI,013520.KS
004960,한신공영,KOSPI,004960.KS
016740,두올,KOSPI,016740.KS
012690,모나리자,KOSPI,012690.KS
163560,동일고무벨트,KOSPI,163560.KS
010660,화천기계,KOSPI,010660.KS
021820,세원정공,KOSPI,021820.KS
002720,국제약품,KOSPI,002720.KS
001560,제일연마,KOSPI,001560.KS
000590,CS홀딩스,KOSPI,000590.KS
011810,STX,KOSPI,011810.KS
058860,KTis,KOSPI,058860.KS
014790,HL D&I,KOSPI,014790.KS
032560,황금에스티,KOSPI,032560.KS
006805,미래에셋증권우,KOSPI,006805.KS
036580,팜스코,KOSPI,036580.KS
023000,삼원강재,KOSPI,023000.KS
010040,한국내화,KOSPI,010040.KS
007280,한국특강,KOSPI,007280.KS
023800,인지컨트롤스,KOSPI,023800.KS
002600,조흥,KOSPI,002600.KS
004840,DRB동일,KOSPI,004840.KS
001260,남광토건,KOSPI,001260.KS
006880,신송홀딩스,KOSPI,006880.KS
004830,덕성,KOSPI,004830.KS
009200,무림페이퍼,KOSPI,009200.KS
111380,동인기연,KOSPI,111380.KS
003925,남양유업우,KOSPI,003925.KS
071090,하이스틸,KOSPI,071090.KS
014440,영보화학,KOSPI,014440.KS
017040,광명전기,KOSPI,017040.KS
010960,삼호개발,KOSPI,010960.KS
024900,디와이덕양,KOSPI,024900.KS
100220,비상교육,KOSPI,100220.KS
001290,상상인증권,KOSPI,001290.KS
006090,사조오양,KOSPI,006090.KS
03473K,SK우,KOSPI,03473K.KS
016090,대현,KOSPI,016090.KS
007590,동방아그로,KOSPI,007590.KS
004540,깨끗한나라,KOSPI,004540.KS
014990,인디에프,KOSPI,014990.KS
338100,NH프라임리츠,KOSPI,338100.KS
111110,호전실업,KOSPI,111110.KS
372910,한컴라이프케어,KOSPI,372910.KS
011300,성안머티리얼스,KOSPI,011300.KS
001380,SG글로벌,KOSPI,001380.KS
006370,대구백화점,KOSPI,006370.KS
004720,팜젠사이언스,KOSPI,004720.KS
000230,일동홀딩스,KOSPI,000230.KS
129260,인터지스,KOSPI,129260.KS
000220,유유제약,KOSPI,000220.KS
001470,삼부토건,KOSPI,001470.KS
002795,아모레퍼시픽홀딩스우,KOSPI,002795.KS
031820,아이티센씨티에스,KOSPI,031820.KS
009190,대양금속,KOSPI,009190.KS
096775,SK이노베이션우,KOSPI,096775.KS
007980,TP,KOSPI,007980.KS
004450,삼화왕관,KOSPI,004450.KS
000910,유니온,KOSPI,000910.KS
003560,IHQ,KOSPI,003560.KS
003780,진양산업,KOSPI,003780.KS
001275,부국증권우,KOSPI,001275.KS
092440,기신정기,KOSPI,092440.KS
013870,지엠비코리아,KOSPI,013870.KS
002210,동성제약,KOSPI,002210.KS
002140,고려산업,KOSPI,002140.KS
078935,GS우,KOSPI,078935.KS
000890,보해양조,KOSPI,000890.KS
009770,삼정펄프,KOSPI,009770.KS
019175,신풍제약우,KOSPI,019175.KS
047400,유니온머티리얼,KOSPI,047400.KS
004910,조광페인트,KOSPI,004910.KS
002220,한일철강,KOSPI,002220.KS
004870,티웨이홀딩스,KOSPI,004870.KS
093240,형지엘리트,KOSPI,093240.KS
102280,쌍방울,KOSPI,102280.KS
001550,조비,KOSPI,001550.KS
001210,금호전기,KOSPI,001210.KS
000850,화천기공,KOSPI,000850.KS
004060,SG세계물산,KOSPI,004060.KS
004920,씨아이테크,KOSPI,004920.KS
005750,대림바스,KOSPI,005750.KS
011230,삼화전자,KOSPI,011230.KS
357250,미래에셋맵스리츠,KOSPI,357250.KS
33626K,두산퓨얼셀1우,KOSPI,33626K.KS
009835,한화솔루션우,KOSPI,009835.KS
010770,평화홀딩스,KOSPI,010770.KS
481850,신한글로벌액티브리츠,KOSPI,481850.KS
072130,유엔젤,KOSPI,072130.KS
091090,세원이앤씨,KOSPI,091090.KS
013700,까뮤이앤씨,KOSPI,013700.KS
085310,엔케이,KOSPI,085310.KS
055490,테이팩스,KOSPI,055490.KS
37550L,DL이앤씨2우(전환),KOSPI,37550L.KS
004770,써니전자,KOSPI,004770.KS
011420,갤럭시아에스엠,KOSPI,011420.KS
009180,한솔로지스틱스,KOSPI,009180.KS
003010,혜인,KOSPI,003010.KS
002760,보락,KOSPI,002760.KS
000725,현대건설우,KOSPI,000725.KS
075180,새론오토모티브,KOSPI,075180.KS
041650,상신브레이크,KOSPI,041650.KS
004440,삼일씨엔에스,KOSPI,004440.KS
155660,DSR,KOSPI,155660.KS
018500,동원금속,KOSPI,018500.KS
090080,평화산업,KOSPI,090080.KS
378850,화승알앤에이,KOSPI,378850.KS
023350,한국종합기술,KOSPI,023350.KS
465770,STX그린로지스,KOSPI,465770.KS
008250,이건산업,KOSPI,008250.KS
027740,마니커,KOSPI,027740.KS
134790,시디즈,KOSPI,134790.KS
004410,서울식품,KOSPI,004410.KS
120115,코오롱인더우,KOSPI,120115.KS
023810,인팩,KOSPI,023810.KS
092780,DYP,KOSPI,092780.KS
058730,다스코,KOSPI,058730.KS
008870,금비,KOSPI,008870.KS
000650,천일고속,KOSPI,000650.KS
021050,서원,KOSPI,021050.KS
025750,한솔홈데코,KOSPI,025750.KS
019490,엑시큐어하이트론,KOSPI,019490.KS
017180,명문제약,KOSPI,017180.KS
006740,영풍제지,KOSPI,006740.KS
118000,메타케어,KOSPI,118000.KS
009810,플레이그램,KOSPI,009810.KS
006980,우성,KOSPI,006980.KS
025530,SJM홀딩스,KOSPI,025530.KS
28513K,SK케미칼우,KOSPI,28513K.KS
007610,선도전기,KOSPI,007610.KS
001620,케이비아이동국실업,KOSPI,001620.KS
069730,DSR제강,KOSPI,069730.KS
005305,롯데칠성우,KOSPI,005305.KS
002410,범양건영,KOSPI,002410.KS
003080,SB성보,KOSPI,003080.KS
012160,영흥,KOSPI,012160.KS
308170,씨티알모빌리티,KOSPI,308170.KS
006125,SK디스커버리우,KOSPI,006125.KS
123700,SJM,KOSPI,123700.KS
019180,티에이치엔,KOSPI,019180.KS
002920,유성기업,KOSPI,002920.KS
009320,아진전자부품,KOSPI,009320.KS
010600,웰바이오텍,KOSPI,010600.KS
109070,주성코퍼레이션,KOSPI,109070.KS
002360,SH에너지화학,KOSPI,002360.KS
008420,문배철강,KOSPI,008420.KS
026940,부국철강,KOSPI,026940.KS
025560,미래산업,KOSPI,025560.KS
033250,체시스,KOSPI,033250.KS
002880,대유에이텍,KOSPI,002880.KS
000950,전방,KOSPI,000950.KS
446070,유니드비티플러스,KOSPI,446070.KS
145270,케이탑리츠,KOSPI,145270.KS
003465,유화증권우,KOSPI,003465.KS
357430,마스턴프리미어리츠,KOSPI,357430.KS
051630,진양화학,KOSPI,051630.KS
003475,유안타증권우,KOSPI,003475.KS
37550K,DL이앤씨우,KOSPI,37550K.KS
023960,에쓰씨엔지니어링,KOSPI,023960.KS
012280,영화금속,KOSPI,012280.KS
009460,한창제지,KOSPI,009460.KS
012170,아센디오,KOSPI,012170.KS
002870,신풍,KOSPI,002870.KS
014130,한익스프레스,KOSPI,014130.KS
010640,진양폴리,KOSPI,010640.KS
006570,대림통상,KOSPI,006570.KS
049800,우진플라임,KOSPI,049800.KS
000215,DL우,KOSPI,000215.KS
005360,모나미,KOSPI,005360.KS
011090,에넥스,KOSPI,011090.KS
023150,MH에탄올,KOSPI,023150.KS
012200,계양전기,KOSPI,012200.KS
069640,한세엠케이,KOSPI,069640.KS
010420,한솔PNS,KOSPI,010420.KS
005257,녹십자홀딩스2우,KOSPI,005257.KS
004270,남성,KOSPI,004270.KS
005030,부산주공,KOSPI,005030.KS
024890,대원화성,KOSPI,024890.KS
074610,이엔플러스,KOSPI,074610.KS
002820,SUN&L,KOSPI,002820.KS
145210,다이나믹디자인,KOSPI,145210.KS
020760,일진디스플,KOSPI,020760.KS
005320,온타이드,KOSPI,005320.KS
025620,제이준코스메틱,KOSPI,025620.KS
008775,호텔신라우,KOSPI,008775.KS
090370,메타랩스,KOSPI,090370.KS
143210,핸즈코퍼레이션,KOSPI,143210.KS
000760,이화산업,KOSPI,000760.KS
015020,이스타코,KOSPI,015020.KS
001465,BYC우,KOSPI,001465.KS
001070,대한방직,KOSPI,001070.KS
004365,세방우,KOSPI,004365.KS
005820,원림,KOSPI,005820.KS
013000,세우글로벌,KOSPI,013000.KS
006200,한국전자홀딩스,KOSPI,006200.KS
003535,한화투자증권우,KOSPI,003535.KS
001140,국보,KOSPI,001140.KS
008600,윌비스,KOSPI,008600.KS
071950,코아스,KOSPI,071950.KS
003680,한성기업,KOSPI,003680.KS
002070,비비안,KOSPI,002070.KS
009140,경인전자,KOSPI,009140.KS
002690,동일제강,KOSPI,002690.KS
002420,세기상사,KOSPI,002420.KS
00499K,롯데지주우,KOSPI,00499K.KS
001420,태원물산,KOSPI,001420.KS
007120,미래아이앤지,KOSPI,007120.KS
024070,WISCOM,KOSPI,024070.KS
33637K,솔루스첨단소재1우,KOSPI,33637K.KS
014910,성문전자,KOSPI,014910.KS
030720,동원수산,KOSPI,030720.KS
000040,KR모터스,KOSPI,000040.KS
084870,TBH글로벌,KOSPI,084870.KS
003495,대한항공우,KOSPI,003495.KS
133820,화인베스틸,KOSPI,133820.KS
019685,대교우B,KOSPI,019685.KS
18064K,한진칼우,KOSPI,18064K.KS
088790,진도,KOSPI,088790.KS
33626L,두산퓨얼셀2우B,KOSPI,33626L.KS
009310,참엔지니어링,KOSPI,009310.KS
005110,한창,KOSPI,005110.KS
044380,주연테크,KOSPI,044380.KS
001685,대상우,KOSPI,001685.KS
010400,우진아이엔에스,KOSPI,010400.KS
084670,동양고속,KOSPI,084670.KS
001770,SHD,KOSPI,001770.KS
025890,한국주강,KOSPI,025890.KS
002355,넥센타이어1우B,KOSPI,002355.KS
002025,코오롱우,KOSPI,002025.KS
108675,LX하우시스우,KOSPI,108675.KS
015260,에이엔피,KOSPI,015260.KS
000087,하이트진로2우B,KOSPI,000087.KS
009440,KC그린홀딩스,KOSPI,009440.KS
119650,KC코트렐,KOSPI,119650.KS
152550,한국ANKOR유전,KOSPI,152550.KS
007815,코리아써우,KOSPI,007815.KS
001795,대한제당우,KOSPI,001795.KS
35320K,대덕전자1우,KOSPI,35320K.KS
33637L,솔루스첨단소재2우B,KOSPI,33637L.KS
204210,스타에스엠리츠,KOSPI,204210.KS
008500,일정실업,KOSPI,008500.KS
000075,삼양홀딩스우,KOSPI,000075.KS
005725,넥센우,KOSPI,005725.KS
084695,대상홀딩스우,KOSPI,084695.KS
004105,태양금속우,KOSPI,004105.KS
140910,에이리츠,KOSPI,140910.KS
001067,JW중외제약2우B,KOSPI,001067.KS
38380K,LX홀딩스1우,KOSPI,38380K.KS
004255,NPC우,KOSPI,004255.KS
145995,삼양사우,KOSPI,145995.KS
000225,유유제약1우,KOSPI,000225.KS
003075,코오롱글로벌우,KOSPI,003075.KS
004835,덕성우,KOSPI,004835.KS
006345,대원전선우,KOSPI,006345.KS
000885,한화우,KOSPI,000885.KS
00806K,대덕1우,KOSPI,00806K.KS
001065,JW중외제약우,KOSPI,001065.KS
004985,성신양회우,KOSPI,004985.KS
001755,한양증권우,KOSPI,001755.KS
001515,SK증권우,KOSPI,001515.KS
45014K,코오롱모빌리티그룹우,KOSPI,45014K.KS
000325,노루홀딩스우,KOSPI,000325.KS
26490K,크라운제과우,KOSPI,26490K.KS
45226K,한화갤러리아우,KOSPI,45226K.KS
090355,노루페인트우,KOSPI,090355.KS
007575,일양약품우,KOSPI,007575.KS
000545,흥국화재우,KOSPI,000545.KS
005745,크라운해태홀딩스우,KOSPI,005745.KS
000145,하이트진로홀딩스우,KOSPI,000145.KS
36328K,티와이홀딩스우,KOSPI,36328K.KS
014825,동원시스템즈우,KOSPI,014825.KS
005965,동부건설우,KOSPI,005965.KS
00781K,코리아써키트2우B,KOSPI,00781K.KS
004545,깨끗한나라우,KOSPI,004545.KS
012205,계양전기우,KOSPI,012205.KS
014285,금강공업우,KOSPI,014285.KS
008355,남선알미우,KOSPI,008355.KS
009415,태영건설우,KOSPI,009415.KS
002995,금호건설우,KOSPI,002995.KS
011155,CJ씨푸드1우,KOSPI,011155.KS
000227,유유제약2우B,KOSPI,000227.KS
002785,진흥기업우B,KOSPI,002785.KS
014915,성문전자우,KOSPI,014915.KS
004415,서울식품우,KOSPI,004415.KS
001525,동양우,KOSPI,001525.KS
001527,동양2우B,KOSPI,001527.KS
002787,진흥기업2우B,KOSPI,002787.KS
196170,알테오젠,KOSDAQ,196170.KQ
247540,에코프로비엠,KOSDAQ,247540.KQ
028300,HLB,KOSDAQ,028300.KQ
086520,에코프로,KOSDAQ,086520.KQ
277810,레인보우로보틱스,KOSDAQ,277810.KQ
214450,파마리서치,KOSDAQ,214450.KQ
145020,휴젤,KOSDAQ,145020.KQ
141080,리가켐바이오,KOSDAQ,141080.KQ
214150,클래시스,KOSDAQ,214150.KQ
298380,에이비엘바이오,KOSDAQ,298380.KQ
087010,펩트론,KOSDAQ,087010.KQ
058470,리노공업,KOSDAQ,058470.KQ
000250,삼천당제약,KOSDAQ,000250.KQ
950160,코오롱티슈진,KOSDAQ,950160.KQ
257720,실리콘투,KOSDAQ,257720.KQ
041510,에스엠,KOSDAQ,041510.KQ
035900,JYP Ent.,KOSDAQ,035900.KQ
263750,펄어비스,KOSDAQ,263750.KQ
068760,셀트리온제약,KOSDAQ,068760.KQ
082270,젬백스,KOSDAQ,082270.KQ
403870,HPSP,KOSDAQ,403870.KQ
310210,보로노이,KOSDAQ,310210.KQ
140860,파크시스템스,KOSDAQ,140860.KQ
039030,이오테크닉스,KOSDAQ,039030.KQ
214370,케어젠,KOSDAQ,214370.KQ
007390,네이처셀,KOSDAQ,007390.KQ
096530,씨젠,KOSDAQ,096530.KQ
065350,신성델타테크,KOSDAQ,065350.KQ
122870,와이지엔터테인먼트,KOSDAQ,122870.KQ
237690,에스티팜,KOSDAQ,237690.KQ
018290,브이티,KOSDAQ,018290.KQ
036930,주성엔지니어링,KOSDAQ,036930.KQ
005290,동진쎄미켐,KOSDAQ,005290.KQ
253450,스튜디오드래곤,KOSDAQ,253450.KQ
348370,엔켐,KOSDAQ,348370.KQ
035760,CJ ENM,KOSDAQ,035760.KQ
328130,루닛,KOSDAQ,328130.KQ
293490,카카오게임즈,KOSDAQ,293490.KQ
089030,테크윙,KOSDAQ,089030.KQ
357780,솔브레인,KOSDAQ,357780.KQ
376300,디어유,KOSDAQ,376300.KQ
178320,서진시스템,KOSDAQ,178320.KQ
086900,메디톡스,KOSDAQ,086900.KQ
140410,메지온,KOSDAQ,140410.KQ
160190,하이젠알앤엠,KOSDAQ,160190.KQ
095340,ISC,KOSDAQ,095340.KQ
240810,원익IPS,KOSDAQ,240810.KQ
083650,비에이치아이,KOSDAQ,083650.KQ
195940,HK이노엔,KOSDAQ,195940.KQ
078600,대주전자재료,KOSDAQ,078600.KQ
358570,지아이이노베이션,KOSDAQ,358570.KQ
064760,티씨케이,KOSDAQ,064760.KQ
098460,고영,KOSDAQ,098460.KQ
039200,오스코텍,KOSDAQ,039200.KQ
042000,카페24,KOSDAQ,042000.KQ
052400,코나아이,KOSDAQ,052400.KQ
003380,하림지주,KOSDAQ,003380.KQ
204270,제이앤티씨,KOSDAQ,204270.KQ
067160,SOOP,KOSDAQ,067160.KQ
226950,올릭스,KOSDAQ,226950.KQ
014620,성광벤드,KOSDAQ,014620.KQ
112040,위메이드,KOSDAQ,112040.KQ
078130,국일제지,KOSDAQ,078130.KQ
108490,로보티즈,KOSDAQ,108490.KQ
388720,유일로보틱스,KOSDAQ,388720.KQ
225570,넥슨게임즈,KOSDAQ,225570.KQ
213420,덕산네오룩스,KOSDAQ,213420.KQ
336570,원텍,KOSDAQ,336570.KQ
161580,필옵틱스,KOSDAQ,161580.KQ
033500,동성화인텍,KOSDAQ,033500.KQ
347850,디앤디파마텍,KOSDAQ,347850.KQ
232140,와이씨,KOSDAQ,232140.KQ
281740,레이크머티리얼즈,KOSDAQ,281740.KQ
101490,에스앤에스텍,KOSDAQ,101490.KQ
056190,에스에프에이,KOSDAQ,056190.KQ
137400,피엔티,KOSDAQ,137400.KQ
084370,유진테크,KOSDAQ,084370.KQ
086450,동국제약,KOSDAQ,086450.KQ
036830,솔브레인홀딩스,KOSDAQ,036830.KQ
067310,하나마이크론,KOSDAQ,067310.KQ
417200,LS머트리얼즈,KOSDAQ,417200.KQ
323280,태성,KOSDAQ,323280.KQ
067630,HLB생명과학,KOSDAQ,067630.KQ
053800,안랩,KOSDAQ,053800.KQ
031980,피에스케이홀딩스,KOSDAQ,031980.KQ
251970,펌텍코리아,KOSDAQ,251970.KQ
460930,현대힘스,KOSDAQ,460930.KQ
025980,아난티,KOSDAQ,025980.KQ
419530,SAMG엔터,KOSDAQ,419530.KQ
222800,심텍,KOSDAQ,222800.KQ
060370,LS마린솔루션,KOSDAQ,060370.KQ
032190,다우데이타,KOSDAQ,032190.KQ
183300,코미코,KOSDAQ,183300.KQ
082920,비츠로셀,KOSDAQ,082920.KQ
115450,HLB테라퓨틱스,KOSDAQ,115450.KQ
030520,한글과컴퓨터,KOSDAQ,030520.KQ
084110,휴온스글로벌,KOSDAQ,084110.KQ
121600,나노신소재,KOSDAQ,121600.KQ
290650,엘앤씨바이오,KOSDAQ,290650.KQ
047920,HLB제약,KOSDAQ,047920.KQ
101730,위메이드맥스,KOSDAQ,101730.KQ
041190,우리기술투자,KOSDAQ,041190.KQ
058970,엠로,KOSDAQ,058970.KQ
214430,아이쓰리시스템,KOSDAQ,214430.KQ
211050,인카금융서비스,KOSDAQ,211050.KQ
335890,비올,KOSDAQ,335890.KQ
218410,RFHIC,KOSDAQ,218410.KQ
058610,에스피지,KOSDAQ,058610.KQ
304100,솔트룩스,KOSDAQ,304100.KQ
095660,네오위즈,KOSDAQ,095660.KQ
023160,태광,KOSDAQ,023160.KQ
044490,태웅,KOSDAQ,044490.KQ
025320,시노펙스,KOSDAQ,025320.KQ
222080,씨아이에스,KOSDAQ,222080.KQ
200670,휴메딕스,KOSDAQ,200670.KQ
319660,피에스케이,KOSDAQ,319660.KQ
085660,차바이오텍,KOSDAQ,085660.KQ
215200,메가스터디교육,KOSDAQ,215200.KQ
053030,바이넥스,KOSDAQ,053030.KQ
287840,인투셀,KOSDAQ,287840.KQ
033100,제룡전기,KOSDAQ,033100.KQ
348210,넥스틴,KOSDAQ,348210.KQ
241710,코스메카코리아,KOSDAQ,241710.KQ
006730,서부T&D,KOSDAQ,006730.KQ
440110,파두,KOSDAQ,440110.KQ
131970,두산테스나,KOSDAQ,131970.KQ
099320,쎄트렉아이,KOSDAQ,099320.KQ
048410,현대바이오,KOSDAQ,048410.KQ
383310,에코프로에이치엔,KOSDAQ,383310.KQ
194480,데브시스터즈,KOSDAQ,194480.KQ
036540,SFA반도체,KOSDAQ,036540.KQ
340570,티앤엘,KOSDAQ,340570.KQ
399720,가온칩스,KOSDAQ,399720.KQ
166090,하나머티리얼즈,KOSDAQ,166090.KQ
078340,컴투스,KOSDAQ,078340.KQ
189300,인텔리안테크,KOSDAQ,189300.KQ
069080,웹젠,KOSDAQ,069080.KQ
095610,테스,KOSDAQ,095610.KQ
445680,큐리옥스바이오시스템즈,KOSDAQ,445680.KQ
319400,현대무벡스,KOSDAQ,319400.KQ
036620,감성코퍼레이션,KOSDAQ,036620.KQ
080220,제주반도체,KOSDAQ,080220.KQ
009520,포스코엠텍,KOSDAQ,009520.KQ
052020,에스티큐브,KOSDAQ,052020.KQ
206650,유바이오로직스,KOSDAQ,206650.KQ
389260,대명에너지,KOSDAQ,389260.KQ
119850,지엔씨에너지,KOSDAQ,119850.KQ
015750,성우하이텍,KOSDAQ,015750.KQ
030530,원익홀딩스,KOSDAQ,030530.KQ
314930,바이오다인,KOSDAQ,314930.KQ
074600,원익QnC,KOSDAQ,074600.KQ
272290,이녹스첨단소재,KOSDAQ,272290.KQ
102710,이엔에프테크놀로지,KOSDAQ,102710.KQ
131290,티에스이,KOSDAQ,131290.KQ
200130,콜마비앤에이치,KOSDAQ,200130.KQ
215600,신라젠,KOSDAQ,215600.KQ
059090,미코,KOSDAQ,059090.KQ
099190,아이센스,KOSDAQ,099190.KQ
466100,클로봇,KOSDAQ,466100.KQ
034950,한국기업평가,KOSDAQ,034950.KQ
098070,한텍,KOSDAQ,098070.KQ
032500,케이엠더블유,KOSDAQ,032500.KQ
437730,삼현,KOSDAQ,437730.KQ
025900,동화기업,KOSDAQ,025900.KQ
029960,코엔텍,KOSDAQ,029960.KQ
450950,아스테라시스,KOSDAQ,450950.KQ
424870,이뮨온시아,KOSDAQ,424870.KQ
050890,쏠리드,KOSDAQ,050890.KQ
402030,코난테크놀로지,KOSDAQ,402030.KQ
101360,에코앤드림,KOSDAQ,101360.KQ
035890,서희건설,KOSDAQ,035890.KQ
253590,네오셈,KOSDAQ,253590.KQ
079370,제우스,KOSDAQ,079370.KQ
204620,글로벌텍스프리,KOSDAQ,204620.KQ
215000,골프존,KOSDAQ,215000.KQ
372320,큐로셀,KOSDAQ,372320.KQ
179900,유티아이,KOSDAQ,179900.KQ
099430,바이오플러스,KOSDAQ,099430.KQ
060280,큐렉소,KOSDAQ,060280.KQ
365340,성일하이텍,KOSDAQ,365340.KQ
093320,케이아이엔엑스,KOSDAQ,093320.KQ
056080,유진로봇,KOSDAQ,056080.KQ
064550,바이오니아,KOSDAQ,064550.KQ
108860,셀바스AI,KOSDAQ,108860.KQ
094170,동운아나텍,KOSDAQ,094170.KQ
389470,인벤티지랩,KOSDAQ,389470.KQ
046890,서울반도체,KOSDAQ,046890.KQ
036810,에프에스티,KOSDAQ,036810.KQ
041960,코미팜,KOSDAQ,041960.KQ
317330,덕산테코피아,KOSDAQ,317330.KQ
278280,천보,KOSDAQ,278280.KQ
397030,에이프릴바이오,KOSDAQ,397030.KQ
091700,파트론,KOSDAQ,091700.KQ
206640,바디텍메드,KOSDAQ,206640.KQ
089010,켐트로닉스,KOSDAQ,089010.KQ
032820,우리기술,KOSDAQ,032820.KQ
101930,인화정공,KOSDAQ,101930.KQ
220100,퓨쳐켐,KOSDAQ,220100.KQ
013030,하이록코리아,KOSDAQ,013030.KQ
094480,갤럭시아머니트리,KOSDAQ,094480.KQ
294570,쿠콘,KOSDAQ,294570.KQ
448280,에코아이,KOSDAQ,448280.KQ
171090,선익시스템,KOSDAQ,171090.KQ
455900,엔젤로보틱스,KOSDAQ,455900.KQ
475830,오름테라퓨틱,KOSDAQ,475830.KQ
389650,넥스트바이오메디컬,KOSDAQ,389650.KQ
102940,코오롱생명과학,KOSDAQ,102940.KQ
347700,스피어,KOSDAQ,347700.KQ
083450,GST,KOSDAQ,083450.KQ
352480,씨앤씨인터내셔널,KOSDAQ,352480.KQ
256840,한국비엔씨,KOSDAQ,256840.KQ
420770,기가비스,KOSDAQ,420770.KQ
094360,칩스앤미디어,KOSDAQ,094360.KQ
038500,삼표시멘트,KOSDAQ,038500.KQ
018310,삼목에스폼,KOSDAQ,018310.KQ
459510,나우로보틱스,KOSDAQ,459510.KQ
144510,지씨셀,KOSDAQ,144510.KQ
136480,하림,KOSDAQ,136480.KQ
473980,노머스,KOSDAQ,473980.KQ
243070,휴온스,KOSDAQ,243070.KQ
124500,아이티센글로벌,KOSDAQ,124500.KQ
051500,CJ프레시웨이,KOSDAQ,051500.KQ
100790,미래에셋벤처투자,KOSDAQ,100790.KQ
115180,큐리언트,KOSDAQ,115180.KQ
078160,메디포스트,KOSDAQ,078160.KQ
445090,에이직랜드,KOSDAQ,445090.KQ
475960,토모큐브,KOSDAQ,475960.KQ
039440,에스티아이,KOSDAQ,039440.KQ
045390,대아티아이,KOSDAQ,045390.KQ
041830,인바디,KOSDAQ,041830.KQ
256940,킵스파마,KOSDAQ,256940.KQ
228760,지노믹트리,KOSDAQ,228760.KQ
068240,다원시스,KOSDAQ,068240.KQ
194700,노바렉스,KOSDAQ,194700.KQ
114840,아이패밀리에스씨,KOSDAQ,114840.KQ
452450,피아이이,KOSDAQ,452450.KQ
217270,넵튠,KOSDAQ,217270.KQ
101160,월덱스,KOSDAQ,101160.KQ
481070,에이유브랜즈,KOSDAQ,481070.KQ
051980,중앙첨단소재,KOSDAQ,051980.KQ
176750,듀켐바이오,KOSDAQ,176750.KQ
043150,바텍,KOSDAQ,043150.KQ
060250,NHN KCP,KOSDAQ,060250.KQ
151860,KG에코솔루션,KOSDAQ,151860.KQ
122640,예스티,KOSDAQ,122640.KQ
058820,CMG제약,KOSDAQ,058820.KQ
079940,가비아,KOSDAQ,079940.KQ
003800,에이스침대,KOSDAQ,003800.KQ
054950,제이브이엠,KOSDAQ,054950.KQ
267980,매일유업,KOSDAQ,267980.KQ
295310,에이치브이엠,KOSDAQ,295310.KQ
089970,브이엠,KOSDAQ,089970.KQ
027360,아주IB투자,KOSDAQ,027360.KQ
045100,한양이엔지,KOSDAQ,045100.KQ
053580,웹케시,KOSDAQ,053580.KQ
138610,나이벡,KOSDAQ,138610.KQ
334970,프레스티지바이오로직스,KOSDAQ,334970.KQ
067080,대화제약,KOSDAQ,067080.KQ
082800,비보존 제약,KOSDAQ,082800.KQ
416180,신성에스티,KOSDAQ,416180.KQ
418550,제이오,KOSDAQ,418550.KQ
394280,오픈엣지테크놀로지,KOSDAQ,394280.KQ
439090,마녀공장,KOSDAQ,439090.KQ
024850,HLB이노베이션,KOSDAQ,024850.KQ
237880,클리오,KOSDAQ,237880.KQ
041020,폴라리스오피스,KOSDAQ,041020.KQ
025770,한국정보통신,KOSDAQ,025770.KQ
378340,필에너지,KOSDAQ,378340.KQ
036220,오상헬스케어,KOSDAQ,036220.KQ
065680,우주일렉트로,KOSDAQ,065680.KQ
425420,티에프이,KOSDAQ,425420.KQ
039840,디오,KOSDAQ,039840.KQ
472850,폰드그룹,KOSDAQ,472850.KQ
123330,제닉,KOSDAQ,123330.KQ
031330,에스에이엠티,KOSDAQ,031330.KQ
018000,유니슨,KOSDAQ,018000.KQ
252990,샘씨엔에스,KOSDAQ,252990.KQ
357550,석경에이티,KOSDAQ,357550.KQ
260970,에스앤디,KOSDAQ,260970.KQ
023410,유진기업,KOSDAQ,023410.KQ
475400,씨메스,KOSDAQ,475400.KQ
049070,인탑스,KOSDAQ,049070.KQ
084850,아이티엠반도체,KOSDAQ,084850.KQ
950170,JTC,KOSDAQ,950170.KQ
348340,뉴로메카,KOSDAQ,348340.KQ
298830,슈어소프트테크,KOSDAQ,298830.KQ
489460,바이오비쥬,KOSDAQ,489460.KQ
014940,오리엔탈정공,KOSDAQ,014940.KQ
089980,상아프론테크,KOSDAQ,089980.KQ
236200,슈프리마,KOSDAQ,236200.KQ
338220,뷰노,KOSDAQ,338220.KQ
230360,에코마케팅,KOSDAQ,230360.KQ
182360,큐브엔터,KOSDAQ,182360.KQ
199800,툴젠,KOSDAQ,199800.KQ
104830,원익머트리얼즈,KOSDAQ,104830.KQ
078020,LS증권,KOSDAQ,078020.KQ
112290,와이씨켐,KOSDAQ,112290.KQ
053610,프로텍,KOSDAQ,053610.KQ
393890,더블유씨피,KOSDAQ,393890.KQ
093520,매커스,KOSDAQ,093520.KQ
053300,한국정보인증,KOSDAQ,053300.KQ
060150,인선이엔티,KOSDAQ,060150.KQ
265520,AP시스템,KOSDAQ,265520.KQ
035600,KG이니시스,KOSDAQ,035600.KQ
114810,한솔아이원스,KOSDAQ,114810.KQ
484810,티엑스알로보틱스,KOSDAQ,484810.KQ
230240,에치에프알,KOSDAQ,230240.KQ
121800,비덴트,KOSDAQ,121800.KQ
105550,엣지파운드리,KOSDAQ,105550.KQ
090360,로보스타,KOSDAQ,090360.KQ
086390,유니테스트,KOSDAQ,086390.KQ
121440,골프존홀딩스,KOSDAQ,121440.KQ
150840,인트로메딕,KOSDAQ,150840.KQ
179290,엠아이텍,KOSDAQ,179290.KQ
048870,시너지이노베이션,KOSDAQ,048870.KQ
035810,이지홀딩스,KOSDAQ,035810.KQ
389020,자람테크놀로지,KOSDAQ,389020.KQ
095500,미래나노텍,KOSDAQ,095500.KQ
047560,이스트소프트,KOSDAQ,047560.KQ
216080,제테마,KOSDAQ,216080.KQ
013120,동원개발,KOSDAQ,013120.KQ
096040,이트론,KOSDAQ,096040.KQ
036890,진성티이씨,KOSDAQ,036890.KQ
127120,제이에스링크,KOSDAQ,127120.KQ
461300,아이스크림미디어,KOSDAQ,461300.KQ
900290,GRT,KOSDAQ,900290.KQ
107640,한중엔시에스,KOSDAQ,107640.KQ
240550,동방메디컬,KOSDAQ,240550.KQ
025950,동신건설,KOSDAQ,025950.KQ
110990,디아이티,KOSDAQ,110990.KQ
064260,다날,KOSDAQ,064260.KQ
036800,나이스정보통신,KOSDAQ,036800.KQ
034810,해성산업,KOSDAQ,034810.KQ
060720,KH바텍,KOSDAQ,060720.KQ
051360,토비스,KOSDAQ,051360.KQ
456010,아이씨티케이,KOSDAQ,456010.KQ
117730,티로보틱스,KOSDAQ,117730.KQ
372170,윤성에프앤씨,KOSDAQ,372170.KQ
092730,네오팜,KOSDAQ,092730.KQ
090710,휴림로봇,KOSDAQ,090710.KQ
208340,파멥신,KOSDAQ,208340.KQ
308430,셀비온,KOSDAQ,308430.KQ
458870,씨어스테크놀로지,KOSDAQ,458870.KQ
356680,엑스게이트,KOSDAQ,356680.KQ
174900,앱클론,KOSDAQ,174900.KQ
476060,온코닉테라퓨틱스,KOSDAQ,476060.KQ
168360,펨트론,KOSDAQ,168360.KQ
464080,에스오에스랩,KOSDAQ,464080.KQ
067390,아스트,KOSDAQ,067390.KQ
080160,모두투어,KOSDAQ,080160.KQ
118990,모트렉스,KOSDAQ,118990.KQ
299900,위지윅스튜디오,KOSDAQ,299900.KQ
323990,박셀바이오,KOSDAQ,323990.KQ
148150,세경하이테크,KOSDAQ,148150.KQ
304360,에스바이오메딕스,KOSDAQ,304360.KQ
065660,안트로젠,KOSDAQ,065660.KQ
119610,인터로조,KOSDAQ,119610.KQ
368770,파이버프로,KOSDAQ,368770.KQ
095700,제넥신,KOSDAQ,095700.KQ
136150,원일티엔아이,KOSDAQ,136150.KQ
043370,피에이치에이,KOSDAQ,043370.KQ
255220,SG,KOSDAQ,255220.KQ
101970,우양에이치씨,KOSDAQ,101970.KQ
036030,케이티알파,KOSDAQ,036030.KQ
371950,풍원정밀,KOSDAQ,371950.KQ
042420,네오위즈홀딩스,KOSDAQ,042420.KQ
126700,하이비젼시스템,KOSDAQ,126700.KQ
950130,엑세스바이오,KOSDAQ,950130.KQ
200710,에이디테크놀로지,KOSDAQ,200710.KQ
125020,티씨머티리얼즈,KOSDAQ,125020.KQ
057880,푸른소나무,KOSDAQ,057880.KQ
389140,포바이포,KOSDAQ,389140.KQ
071280,로체시스템즈,KOSDAQ,071280.KQ
123860,아나패스,KOSDAQ,123860.KQ
144960,뉴파워프라즈마,KOSDAQ,144960.KQ
254490,미래반도체,KOSDAQ,254490.KQ
297090,씨에스베어링,KOSDAQ,297090.KQ
199820,제일일렉트릭,KOSDAQ,199820.KQ
023760,한국캐피탈,KOSDAQ,023760.KQ
102120,어보브반도체,KOSDAQ,102120.KQ
950140,잉글우드랩,KOSDAQ,950140.KQ
394800,쓰리빌리언,KOSDAQ,394800.KQ
017890,한국알콜,KOSDAQ,017890.KQ
039980,폴라리스AI,KOSDAQ,039980.KQ
293780,압타바이오,KOSDAQ,293780.KQ
476040,오가노이드사이언스,KOSDAQ,476040.KQ
065710,서호전기,KOSDAQ,065710.KQ
263720,디앤씨미디어,KOSDAQ,263720.KQ
360070,탑머티리얼,KOSDAQ,360070.KQ
092040,아미코젠,KOSDAQ,092040.KQ
096250,와이즈넛,KOSDAQ,096250.KQ
038390,레드캡투어,KOSDAQ,038390.KQ
005160,동국산업,KOSDAQ,005160.KQ
270660,에브리봇,KOSDAQ,270660.KQ
054450,텔레칩스,KOSDAQ,054450.KQ
241520,DSC인베스트먼트,KOSDAQ,241520.KQ
068930,디지털대성,KOSDAQ,068930.KQ
205470,휴마시스,KOSDAQ,205470.KQ
108380,대양전기공업,KOSDAQ,108380.KQ
042370,비츠로테크,KOSDAQ,042370.KQ
100120,뷰웍스,KOSDAQ,100120.KQ
061970,LB세미콘,KOSDAQ,061970.KQ
432720,퀄리타스반도체,KOSDAQ,432720.KQ
270520,앱트뉴로사이언스,KOSDAQ,270520.KQ
086980,쇼박스,KOSDAQ,086980.KQ
019210,와이지-원,KOSDAQ,019210.KQ
032620,유비케어,KOSDAQ,032620.KQ
091120,이엠텍,KOSDAQ,091120.KQ
067280,멀티캠퍼스,KOSDAQ,067280.KQ
322310,오로스테크놀로지,KOSDAQ,322310.KQ
035080,그래디언트,KOSDAQ,035080.KQ
290690,소룩스,KOSDAQ,290690.KQ
321820,아티스트컴퍼니,KOSDAQ,321820.KQ
083930,아바코,KOSDAQ,083930.KQ
377450,리파인,KOSDAQ,377450.KQ
051370,인터플렉스,KOSDAQ,051370.KQ
024810,이화전기,KOSDAQ,024810.KQ
441270,파인엠텍,KOSDAQ,441270.KQ
285490,노바텍,KOSDAQ,285490.KQ
462860,더즌,KOSDAQ,462860.KQ
013990,아가방컴퍼니,KOSDAQ,013990.KQ
211270,AP위성,KOSDAQ,211270.KQ
307750,국전약품,KOSDAQ,307750.KQ
033640,네패스,KOSDAQ,033640.KQ
084650,랩지노믹스,KOSDAQ,084650.KQ
190510,나무가,KOSDAQ,190510.KQ
267320,나인테크,KOSDAQ,267320.KQ
064820,케이프,KOSDAQ,064820.KQ
299030,하나기술,KOSDAQ,299030.KQ
005710,대원산업,KOSDAQ,005710.KQ
126600,BGF에코머티리얼즈,KOSDAQ,126600.KQ
092130,이크레더블,KOSDAQ,092130.KQ
457550,우진엔텍,KOSDAQ,457550.KQ
086890,이수앱지스,KOSDAQ,086890.KQ
077360,덕산하이메탈,KOSDAQ,077360.KQ
036200,유니셈,KOSDAQ,036200.KQ
036560,KZ정밀,KOSDAQ,036560.KQ
016790,현대사료,KOSDAQ,016790.KQ
206560,덱스터,KOSDAQ,206560.KQ
482630,삼양엔씨켐,KOSDAQ,482630.KQ
080420,모다이노칩,KOSDAQ,080420.KQ
011040,경동제약,KOSDAQ,011040.KQ
078150,HB테크놀러지,KOSDAQ,078150.KQ
036190,금화피에스시,KOSDAQ,036190.KQ
104460,디와이피엔에프,KOSDAQ,104460.KQ
079960,동양이엔피,KOSDAQ,079960.KQ
126340,비나텍,KOSDAQ,126340.KQ
131370,알서포트,KOSDAQ,131370.KQ
122450,KX,KOSDAQ,122450.KQ
122990,와이솔,KOSDAQ,122990.KQ
297890,HB솔루션,KOSDAQ,297890.KQ
310200,애니플러스,KOSDAQ,310200.KQ
452430,사피엔반도체,KOSDAQ,452430.KQ
203650,드림시큐리티,KOSDAQ,203650.KQ
458650,성우,KOSDAQ,458650.KQ
023910,대한약품,KOSDAQ,023910.KQ
356860,티엘비,KOSDAQ,356860.KQ
200350,아티스트스튜디오,KOSDAQ,200350.KQ
088800,에이스테크,KOSDAQ,088800.KQ
073010,케이에스피,KOSDAQ,073010.KQ
033160,엠케이전자,KOSDAQ,033160.KQ
377480,마음AI,KOSDAQ,377480.KQ
053350,이니텍,KOSDAQ,053350.KQ
089600,KT나스미디어,KOSDAQ,089600.KQ
214180,헥토이노베이션,KOSDAQ,214180.KQ
443670,에스피소프트,KOSDAQ,443670.KQ
337930,젝시믹스,KOSDAQ,337930.KQ
114190,강원에너지,KOSDAQ,114190.KQ
109610,에스와이,KOSDAQ,109610.KQ
078070,유비쿼스홀딩스,KOSDAQ,078070.KQ
143240,사람인,KOSDAQ,143240.KQ
388050,지투파워,KOSDAQ,388050.KQ
234690,녹십자웰빙,KOSDAQ,234690.KQ
037460,삼지전자,KOSDAQ,037460.KQ
298540,더네이쳐홀딩스,KOSDAQ,298540.KQ
251370,와이엠티,KOSDAQ,251370.KQ
182400,엔케이맥스,KOSDAQ,182400.KQ
046440,KG모빌리언스,KOSDAQ,046440.KQ
439580,블루엠텍,KOSDAQ,439580.KQ
038290,마크로젠,KOSDAQ,038290.KQ
094820,일진파워,KOSDAQ,094820.KQ
065500,오리엔트정공,KOSDAQ,065500.KQ
163280,에어레인,KOSDAQ,163280.KQ
353810,이지바이오,KOSDAQ,353810.KQ
086710,선진뷰티사이언스,KOSDAQ,086710.KQ
365330,에스와이스틸텍,KOSDAQ,365330.KQ
083310,엘오티베큠,KOSDAQ,083310.KQ
274090,켄코아에어로스페이스,KOSDAQ,274090.KQ
063570,NICE인프라,KOSDAQ,063570.KQ
462350,이노스페이스,KOSDAQ,462350.KQ
263860,지니언스,KOSDAQ,263860.KQ
100130,동국S&C,KOSDAQ,100130.KQ
321550,티움바이오,KOSDAQ,321550.KQ
047310,파워로직스,KOSDAQ,047310.KQ
008830,대동기어,KOSDAQ,008830.KQ
006620,동구바이오제약,KOSDAQ,006620.KQ
024060,흥구석유,KOSDAQ,024060.KQ
060590,씨티씨바이오,KOSDAQ,060590.KQ
143160,아이디스,KOSDAQ,143160.KQ
053080,케이엔솔,KOSDAQ,053080.KQ
071200,인피니트헬스케어,KOSDAQ,071200.KQ
405100,큐알티,KOSDAQ,405100.KQ
305090,마이크로디지탈,KOSDAQ,305090.KQ
322510,제이엘케이,KOSDAQ,322510.KQ
290670,대보마그네틱,KOSDAQ,290670.KQ
092460,한라IMS,KOSDAQ,092460.KQ
418470,KT밀리의서재,KOSDAQ,418470.KQ
051160,지어소프트,KOSDAQ,051160.KQ
052330,코텍,KOSDAQ,052330.KQ
108230,톱텍,KOSDAQ,108230.KQ
069510,에스텍,KOSDAQ,069510.KQ
205100,엑셈,KOSDAQ,205100.KQ
376270,에이치이엠파마,KOSDAQ,376270.KQ
046070,코다코,KOSDAQ,046070.KQ
096240,크레버스,KOSDAQ,096240.KQ
032300,한국파마,KOSDAQ,032300.KQ
243840,신흥에스이씨,KOSDAQ,243840.KQ
109740,디에스케이,KOSDAQ,109740.KQ
214260,라파스,KOSDAQ,214260.KQ
090850,현대이지웰,KOSDAQ,090850.KQ
205500,넥써쓰,KOSDAQ,205500.KQ
453450,그리드위즈,KOSDAQ,453450.KQ
289220,자이언트스텝,KOSDAQ,289220.KQ
192440,슈피겐코리아,KOSDAQ,192440.KQ
382150,온코크로스,KOSDAQ,382150.KQ
059210,메타바이오메드,KOSDAQ,059210.KQ
370090,퓨런티어,KOSDAQ,370090.KQ
191420,테고사이언스,KOSDAQ,191420.KQ
049950,미래컴퍼니,KOSDAQ,049950.KQ
092870,엑시콘,KOSDAQ,092870.KQ
083790,CG인바이츠,KOSDAQ,083790.KQ
475430,키스트론,KOSDAQ,475430.KQ
393970,대진첨단소재,KOSDAQ,393970.KQ
064800,포니링크,KOSDAQ,064800.KQ
424960,스마트레이더시스템,KOSDAQ,424960.KQ
354320,알멕,KOSDAQ,354320.KQ
006910,보성파워텍,KOSDAQ,006910.KQ
475580,에이럭스,KOSDAQ,475580.KQ
005990,매일홀딩스,KOSDAQ,005990.KQ
203400,에이비온,KOSDAQ,203400.KQ
251120,바이오에프디엔씨,KOSDAQ,251120.KQ
158430,아톤,KOSDAQ,158430.KQ
078140,대봉엘에스,KOSDAQ,078140.KQ
073490,이노와이어리스,KOSDAQ,073490.KQ
382900,범한퓨얼셀,KOSDAQ,382900.KQ
092190,서울바이오시스,KOSDAQ,092190.KQ
377030,비트맥스,KOSDAQ,377030.KQ
023600,삼보판지,KOSDAQ,023600.KQ
136540,윈스테크넷,KOSDAQ,136540.KQ
068790,DMS,KOSDAQ,068790.KQ
299660,셀리드,KOSDAQ,299660.KQ
264850,이랜시스,KOSDAQ,264850.KQ
063170,서울옥션,KOSDAQ,063170.KQ
029480,광무,KOSDAQ,029480.KQ
063080,컴투스홀딩스,KOSDAQ,063080.KQ
048530,인트론바이오,KOSDAQ,048530.KQ
009780,엠에스씨,KOSDAQ,009780.KQ
060570,드림어스컴퍼니,KOSDAQ,060570.KQ
027710,팜스토리,KOSDAQ,027710.KQ
376900,로킷헬스케어,KOSDAQ,376900.KQ
049720,고려신용정보,KOSDAQ,049720.KQ
293580,나우IB,KOSDAQ,293580.KQ
315640,딥노이드,KOSDAQ,315640.KQ
104480,티케이케미칼,KOSDAQ,104480.KQ
317870,엔바이오니아,KOSDAQ,317870.KQ
140670,알에스오토메이션,KOSDAQ,140670.KQ
037070,파세코,KOSDAQ,037070.KQ
303810,동국생명과학,KOSDAQ,303810.KQ
023440,제이스코홀딩스,KOSDAQ,023440.KQ
012700,리드코프,KOSDAQ,012700.KQ
123040,엠에스오토텍,KOSDAQ,123040.KQ
474170,루미르,KOSDAQ,474170.KQ
225190,LK삼양,KOSDAQ,225190.KQ
333430,일승,KOSDAQ,333430.KQ
084990,헬릭스미스,KOSDAQ,084990.KQ
052260,현대바이오랜드,KOSDAQ,052260.KQ
005860,한일사료,KOSDAQ,005860.KQ
041440,현대에버다임,KOSDAQ,041440.KQ
066620,국보디자인,KOSDAQ,066620.KQ
225530,보광산업,KOSDAQ,225530.KQ
078350,한양디지텍,KOSDAQ,078350.KQ
382840,원준,KOSDAQ,382840.KQ
361390,제노코,KOSDAQ,361390.KQ
234340,헥토파이낸셜,KOSDAQ,234340.KQ
095190,이엠코리아,KOSDAQ,095190.KQ
214680,디알텍,KOSDAQ,214680.KQ
425040,티이엠씨,KOSDAQ,425040.KQ
282880,코윈테크,KOSDAQ,282880.KQ
007330,푸른저축은행,KOSDAQ,007330.KQ
067990,도이치모터스,KOSDAQ,067990.KQ
272110,케이엔제이,KOSDAQ,272110.KQ
021080,에이티넘인베스트,KOSDAQ,021080.KQ
456070,이엔셀,KOSDAQ,456070.KQ
115310,인포바인,KOSDAQ,115310.KQ
451760,컨텍,KOSDAQ,451760.KQ
048550,SM C&C,KOSDAQ,048550.KQ
003100,선광,KOSDAQ,003100.KQ
079810,디이엔티,KOSDAQ,079810.KQ
160980,싸이맥스,KOSDAQ,160980.KQ
026150,특수건설,KOSDAQ,026150.KQ
389500,에스비비테크,KOSDAQ,389500.KQ
044990,에이치엔에스하이텍,KOSDAQ,044990.KQ
278650,HLB바이오스텝,KOSDAQ,278650.KQ
362320,청담글로벌,KOSDAQ,362320.KQ
030960,양지사,KOSDAQ,030960.KQ
282720,금양그린파워,KOSDAQ,282720.KQ
092070,디엔에프,KOSDAQ,092070.KQ
149950,아바텍,KOSDAQ,149950.KQ
054050,농우바이오,KOSDAQ,054050.KQ
086960,MDS테크,KOSDAQ,086960.KQ
330860,네패스아크,KOSDAQ,330860.KQ
052420,오성첨단소재,KOSDAQ,052420.KQ
290550,디케이티,KOSDAQ,290550.KQ
207760,미스터블루,KOSDAQ,207760.KQ
106190,하이텍팜,KOSDAQ,106190.KQ
489500,엘케이켐,KOSDAQ,489500.KQ
045660,에이텍,KOSDAQ,045660.KQ
119830,아이텍,KOSDAQ,119830.KQ
269620,시스웍,KOSDAQ,269620.KQ
098120,마이크로컨텍솔,KOSDAQ,098120.KQ
435570,에르코스,KOSDAQ,435570.KQ
226400,오스테오닉,KOSDAQ,226400.KQ
411080,샌즈랩,KOSDAQ,411080.KQ
264660,씨앤지하이테크,KOSDAQ,264660.KQ
311690,CJ 바이오사이언스,KOSDAQ,311690.KQ
054210,이랜텍,KOSDAQ,054210.KQ
332570,PS일렉트로닉스,KOSDAQ,332570.KQ
228670,레이,KOSDAQ,228670.KQ
396470,워트,KOSDAQ,396470.KQ
038110,에코플라스틱,KOSDAQ,038110.KQ
048910,대원미디어,KOSDAQ,048910.KQ
338840,와이바이오로직스,KOSDAQ,338840.KQ
452190,한빛레이저,KOSDAQ,452190.KQ
072870,메가스터디,KOSDAQ,072870.KQ
147830,제룡산업,KOSDAQ,147830.KQ
382800,지앤비에스 에코,KOSDAQ,382800.KQ
043610,KT지니뮤직,KOSDAQ,043610.KQ
040300,YTN,KOSDAQ,040300.KQ
093640,케이알엠,KOSDAQ,093640.KQ
452280,한선엔지니어링,KOSDAQ,452280.KQ
208370,셀바스헬스케어,KOSDAQ,208370.KQ
253840,수젠텍,KOSDAQ,253840.KQ
396270,넥스트칩,KOSDAQ,396270.KQ
123410,코리아에프티,KOSDAQ,123410.KQ
088340,유라클,KOSDAQ,088340.KQ
175140,휴먼테크놀로지,KOSDAQ,175140.KQ
217820,원익피앤이,KOSDAQ,217820.KQ
052710,아모텍,KOSDAQ,052710.KQ
463480,모티브링크,KOSDAQ,463480.KQ
300080,플리토,KOSDAQ,300080.KQ
220260,켐트로스,KOSDAQ,220260.KQ
309960,LB인베스트먼트,KOSDAQ,309960.KQ
235980,메드팩토,KOSDAQ,235980.KQ
443250,레뷰코퍼레이션,KOSDAQ,443250.KQ
099750,이지케어텍,KOSDAQ,099750.KQ
019550,SBI인베스트먼트,KOSDAQ,019550.KQ
040350,크레오에스지,KOSDAQ,040350.KQ
163730,핑거,KOSDAQ,163730.KQ
067900,와이엔텍,KOSDAQ,067900.KQ
115500,케이씨에스,KOSDAQ,115500.KQ
033290,코웰패션,KOSDAQ,033290.KQ
089890,코세스,KOSDAQ,089890.KQ
039340,한국경제TV,KOSDAQ,039340.KQ
066590,우수AMS,KOSDAQ,066590.KQ
049960,쎌바이오텍,KOSDAQ,049960.KQ
036630,세종텔레콤,KOSDAQ,036630.KQ
461030,아이엠비디엑스,KOSDAQ,461030.KQ
317770,엑스페릭스,KOSDAQ,317770.KQ
042520,한스바이오메드,KOSDAQ,042520.KQ
156100,엘앤케이바이오,KOSDAQ,156100.KQ
018120,진로발효,KOSDAQ,018120.KQ
151910,퓨처코어,KOSDAQ,151910.KQ
241770,메카로,KOSDAQ,241770.KQ
900250,크리스탈신소재,KOSDAQ,900250.KQ
407400,꿈비,KOSDAQ,407400.KQ
204610,티쓰리,KOSDAQ,204610.KQ
064290,인텍플러스,KOSDAQ,064290.KQ
289930,웨이비스,KOSDAQ,289930.KQ
067000,조이시티,KOSDAQ,067000.KQ
044340,위닉스,KOSDAQ,044340.KQ
049520,유아이엘,KOSDAQ,049520.KQ
417010,나노팀,KOSDAQ,417010.KQ
146320,비씨엔씨,KOSDAQ,146320.KQ
038540,상상인,KOSDAQ,038540.KQ
065450,빅텍,KOSDAQ,065450.KQ
226330,신테카바이오,KOSDAQ,226330.KQ
950110,SBI핀테크솔루션즈,KOSDAQ,950110.KQ
226590,엠디바이스,KOSDAQ,226590.KQ
054800,아이디스홀딩스,KOSDAQ,054800.KQ
950220,네오이뮨텍,KOSDAQ,950220.KQ
064090,인크레더블버즈,KOSDAQ,064090.KQ
082850,우리바이오,KOSDAQ,082850.KQ
060310,3S,KOSDAQ,060310.KQ
032940,원익,KOSDAQ,032940.KQ
264450,유비쿼스,KOSDAQ,264450.KQ
041590,플래스크,KOSDAQ,041590.KQ
217730,강스템바이오텍,KOSDAQ,217730.KQ
110790,크리스에프앤씨,KOSDAQ,110790.KQ
222040,코스맥스엔비티,KOSDAQ,222040.KQ
142210,유니트론텍,KOSDAQ,142210.KQ
402490,그린리소스,KOSDAQ,402490.KQ
011560,세보엠이씨,KOSDAQ,011560.KQ
023900,풍국주정,KOSDAQ,023900.KQ
017510,세명전기,KOSDAQ,017510.KQ
014970,삼륭물산,KOSDAQ,014970.KQ
041920,메디아나,KOSDAQ,041920.KQ
273640,와이엠텍,KOSDAQ,273640.KQ
417500,제이아이테크,KOSDAQ,417500.KQ
033230,인성정보,KOSDAQ,033230.KQ
041910,폴라리스AI파마,KOSDAQ,041910.KQ
261200,덴티스,KOSDAQ,261200.KQ
451250,삐아,KOSDAQ,451250.KQ
054620,APS,KOSDAQ,054620.KQ
091580,상신이디피,KOSDAQ,091580.KQ
234300,에스트래픽,KOSDAQ,234300.KQ
085670,뉴프렉스,KOSDAQ,085670.KQ
180400,DXVX,KOSDAQ,180400.KQ
093190,빅솔론,KOSDAQ,093190.KQ
048430,유라테크,KOSDAQ,048430.KQ
047820,초록뱀미디어,KOSDAQ,047820.KQ
228850,레이언스,KOSDAQ,228850.KQ
124560,태웅로직스,KOSDAQ,124560.KQ
039860,나노엔텍,KOSDAQ,039860.KQ
013310,아진산업,KOSDAQ,013310.KQ
039560,다산네트웍스,KOSDAQ,039560.KQ
066700,테라젠이텍스,KOSDAQ,066700.KQ
393210,토마토시스템,KOSDAQ,393210.KQ
322180,LS티라유텍,KOSDAQ,322180.KQ
241840,에이스토리,KOSDAQ,241840.KQ
033340,좋은사람들,KOSDAQ,033340.KQ
009300,삼아제약,KOSDAQ,009300.KQ
021320,KCC건설,KOSDAQ,021320.KQ
033790,피노,KOSDAQ,033790.KQ
035610,솔본,KOSDAQ,035610.KQ
209640,와이제이링크,KOSDAQ,209640.KQ
453860,에이에스텍,KOSDAQ,453860.KQ
126730,코칩,KOSDAQ,126730.KQ
330350,위더스제약,KOSDAQ,330350.KQ
039020,이건홀딩스,KOSDAQ,039020.KQ
460870,에스엠씨지,KOSDAQ,460870.KQ
012860,모베이스전자,KOSDAQ,012860.KQ
413640,비아이매트릭스,KOSDAQ,413640.KQ
039610,화성밸브,KOSDAQ,039610.KQ
053280,예스24,KOSDAQ,053280.KQ
100700,세운메디칼,KOSDAQ,100700.KQ
138080,오이솔루션,KOSDAQ,138080.KQ
302550,리메드,KOSDAQ,302550.KQ
042510,라온시큐어,KOSDAQ,042510.KQ
408900,스튜디오미르,KOSDAQ,408900.KQ
033320,제이씨현시스템,KOSDAQ,033320.KQ
210120,캔버스엔,KOSDAQ,210120.KQ
019010,베뉴지,KOSDAQ,019010.KQ
418420,라온텍,KOSDAQ,418420.KQ
024800,유성티엔에스,KOSDAQ,024800.KQ
081180,쎄크,KOSDAQ,081180.KQ
277880,티에스아이,KOSDAQ,277880.KQ
246710,티앤알바이오팹,KOSDAQ,246710.KQ
054670,대한뉴팜,KOSDAQ,054670.KQ
476080,M83,KOSDAQ,476080.KQ
102370,케이옥션,KOSDAQ,102370.KQ
125210,아모그린텍,KOSDAQ,125210.KQ
357230,에이치피오,KOSDAQ,357230.KQ
950190,고스트스튜디오,KOSDAQ,950190.KQ
060560,홈센타홀딩스,KOSDAQ,060560.KQ
058630,엠게임,KOSDAQ,058630.KQ
027830,대성창투,KOSDAQ,027830.KQ
168330,내츄럴엔도텍,KOSDAQ,168330.KQ
093920,서원인텍,KOSDAQ,093920.KQ
019590,에스유앤피,KOSDAQ,019590.KQ
306620,네온테크,KOSDAQ,306620.KQ
046210,HLB파나진,KOSDAQ,046210.KQ
187420,HLB제넥스,KOSDAQ,187420.KQ
378800,샤페론,KOSDAQ,378800.KQ
479960,위너스,KOSDAQ,479960.KQ
417790,트루엔,KOSDAQ,417790.KQ
001540,안국약품,KOSDAQ,001540.KQ
073560,우리손에프앤지,KOSDAQ,073560.KQ
084730,팅크웨어,KOSDAQ,084730.KQ
215090,솔디펜스,KOSDAQ,215090.KQ
058400,KNN,KOSDAQ,058400.KQ
111710,남화산업,KOSDAQ,111710.KQ
014470,부방,KOSDAQ,014470.KQ
170920,엘티씨,KOSDAQ,170920.KQ
352090,스톰테크,KOSDAQ,352090.KQ
166480,코아스템켐온,KOSDAQ,166480.KQ
159580,제로투세븐,KOSDAQ,159580.KQ
141000,비아트론,KOSDAQ,141000.KQ
226440,한송네오텍,KOSDAQ,226440.KQ
347890,엠투아이,KOSDAQ,347890.KQ
339950,아이비김영,KOSDAQ,339950.KQ
041520,이엘씨,KOSDAQ,041520.KQ
408920,메쎄이상,KOSDAQ,408920.KQ
061040,알에프텍,KOSDAQ,061040.KQ
307930,컴퍼니케이,KOSDAQ,307930.KQ
419050,삼기에너지솔루션즈,KOSDAQ,419050.KQ
066410,버킷스튜디오,KOSDAQ,066410.KQ
204840,지엘팜텍,KOSDAQ,204840.KQ
199550,레이저옵텍,KOSDAQ,199550.KQ
067570,엔브이에이치코리아,KOSDAQ,067570.KQ
183490,엔지켐생명과학,KOSDAQ,183490.KQ
381620,제닉스,KOSDAQ,381620.KQ
432430,와이랩,KOSDAQ,432430.KQ
336680,탑런토탈솔루션,KOSDAQ,336680.KQ
216050,인크로스,KOSDAQ,216050.KQ
027050,코리아나,KOSDAQ,027050.KQ
365590,하이딥,KOSDAQ,365590.KQ
120240,대정화금,KOSDAQ,120240.KQ
131030,옵투스제약,KOSDAQ,131030.KQ
080580,오킨스전자,KOSDAQ,080580.KQ
065510,휴비츠,KOSDAQ,065510.KQ
445180,퓨릿,KOSDAQ,445180.KQ
232680,라온테크,KOSDAQ,232680.KQ
448900,한국피아이엠,KOSDAQ,448900.KQ
259630,엠플러스,KOSDAQ,259630.KQ
448710,코츠테크놀로지,KOSDAQ,448710.KQ
478560,블랙야크아이앤씨,KOSDAQ,478560.KQ
056090,시지메드텍,KOSDAQ,056090.KQ
053700,삼보모터스,KOSDAQ,053700.KQ
215100,로보로보,KOSDAQ,215100.KQ
373160,데이원컴퍼니,KOSDAQ,373160.KQ
038460,바이오스마트,KOSDAQ,038460.KQ
072020,중앙백신,KOSDAQ,072020.KQ
040420,정상제이엘에스,KOSDAQ,040420.KQ
099220,SDN,KOSDAQ,099220.KQ
200470,에이팩트,KOSDAQ,200470.KQ
162300,신스틸,KOSDAQ,162300.KQ
149980,하이로닉,KOSDAQ,149980.KQ
366030,공구우먼,KOSDAQ,366030.KQ
084180,수성웹툰,KOSDAQ,084180.KQ
024880,케이피에프,KOSDAQ,024880.KQ
294140,레몬,KOSDAQ,294140.KQ
061250,화일약품,KOSDAQ,061250.KQ
300120,라온피플,KOSDAQ,300120.KQ
413390,엠오티,KOSDAQ,413390.KQ
173130,오파스넷,KOSDAQ,173130.KQ
348150,고바이오랩,KOSDAQ,348150.KQ
142280,녹십자엠에스,KOSDAQ,142280.KQ
140070,서플러스글로벌,KOSDAQ,140070.KQ
002800,신신제약,KOSDAQ,002800.KQ
011370,서한,KOSDAQ,011370.KQ
089850,유비벨록스,KOSDAQ,089850.KQ
041930,동아화성,KOSDAQ,041930.KQ
067370,선바이오,KOSDAQ,067370.KQ
134580,탑코미디어,KOSDAQ,134580.KQ
126880,제이엔케이글로벌,KOSDAQ,126880.KQ
049430,코메론,KOSDAQ,049430.KQ
064240,홈캐스트,KOSDAQ,064240.KQ
355390,크라우드웍스,KOSDAQ,355390.KQ
014200,광림,KOSDAQ,014200.KQ
136410,아셈스,KOSDAQ,136410.KQ
145170,노브랜드,KOSDAQ,145170.KQ
432470,케이엔에스,KOSDAQ,432470.KQ
067290,JW신약,KOSDAQ,067290.KQ
107600,새빗켐,KOSDAQ,107600.KQ
212710,아이에스티이,KOSDAQ,212710.KQ
042600,새로닉스,KOSDAQ,042600.KQ
215360,우리산업,KOSDAQ,215360.KQ
025550,한국선재,KOSDAQ,025550.KQ
099440,스맥,KOSDAQ,099440.KQ
403490,우듬지팜,KOSDAQ,403490.KQ
042940,상지건설,KOSDAQ,042940.KQ
137950,제이씨케미칼,KOSDAQ,137950.KQ
004650,창해에탄올,KOSDAQ,004650.KQ
460940,피앤에스미캐닉스,KOSDAQ,460940.KQ
053450,세코닉스,KOSDAQ,053450.KQ
086820,바이오솔루션,KOSDAQ,086820.KQ
208140,정다운,KOSDAQ,208140.KQ
262260,에이프로,KOSDAQ,262260.KQ
376930,노을,KOSDAQ,376930.KQ
170030,현대공업,KOSDAQ,170030.KQ
255440,야스,KOSDAQ,255440.KQ
364950,에이아이코리아,KOSDAQ,364950.KQ
094850,참좋은여행,KOSDAQ,094850.KQ
388870,파로스아이바이오,KOSDAQ,388870.KQ
038680,에스넷,KOSDAQ,038680.KQ
320000,한울반도체,KOSDAQ,320000.KQ
452200,민테크,KOSDAQ,452200.KQ
086670,비엠티,KOSDAQ,086670.KQ
007720,소노스퀘어,KOSDAQ,007720.KQ
043910,자연과환경,KOSDAQ,043910.KQ
036640,HRS,KOSDAQ,036640.KQ
380540,옵티코어,KOSDAQ,380540.KQ
032850,비트컴퓨터,KOSDAQ,032850.KQ
052220,iMBC,KOSDAQ,052220.KQ
265560,영화테크,KOSDAQ,265560.KQ
069920,엑시온그룹,KOSDAQ,069920.KQ
311320,지오엘리먼트,KOSDAQ,311320.KQ
054920,한컴위드,KOSDAQ,054920.KQ
347740,피엔케이피부임상연구센타,KOSDAQ,347740.KQ
066790,씨씨에스,KOSDAQ,066790.KQ
186230,그린플러스,KOSDAQ,186230.KQ
289080,SV인베스트먼트,KOSDAQ,289080.KQ
006140,피제이전자,KOSDAQ,006140.KQ
195990,에이비프로바이오,KOSDAQ,195990.KQ
185490,아이진,KOSDAQ,185490.KQ
222110,팬젠,KOSDAQ,222110.KQ
314130,지놈앤컴퍼니,KOSDAQ,314130.KQ
122310,제노레이,KOSDAQ,122310.KQ
091440,한울소재과학,KOSDAQ,091440.KQ
260930,씨티케이,KOSDAQ,260930.KQ
382480,지아이텍,KOSDAQ,382480.KQ
459100,위츠,KOSDAQ,459100.KQ
446540,메가터치,KOSDAQ,446540.KQ
039240,경남스틸,KOSDAQ,039240.KQ
219130,타이거일렉,KOSDAQ,219130.KQ
043260,성호전자,KOSDAQ,043260.KQ
078860,엔에스이엔엠,KOSDAQ,078860.KQ
330730,스톤브릿지벤처스,KOSDAQ,330730.KQ
062970,한국첨단소재,KOSDAQ,062970.KQ
251630,브이원텍,KOSDAQ,251630.KQ
384470,코어라인소프트,KOSDAQ,384470.KQ
347000,센코,KOSDAQ,347000.KQ
037950,엘컴텍,KOSDAQ,037950.KQ
064850,에프앤가이드,KOSDAQ,064850.KQ
261780,차백신연구소,KOSDAQ,261780.KQ
223250,드림씨아이에스,KOSDAQ,223250.KQ
302430,이노메트리,KOSDAQ,302430.KQ
131400,이브이첨단소재,KOSDAQ,131400.KQ
033310,엠투엔,KOSDAQ,033310.KQ
217330,싸이토젠,KOSDAQ,217330.KQ
045970,코아시아,KOSDAQ,045970.KQ
196300,HLB펩,KOSDAQ,196300.KQ
007370,진양제약,KOSDAQ,007370.KQ
053050,지에스이,KOSDAQ,053050.KQ
043650,국순당,KOSDAQ,043650.KQ
317830,에스피시스템스,KOSDAQ,317830.KQ
000440,중앙에너비스,KOSDAQ,000440.KQ
219750,한국비티비,KOSDAQ,219750.KQ
074430,아미노로직스,KOSDAQ,074430.KQ
104540,코렌텍,KOSDAQ,104540.KQ
351870,차이커뮤니케이션,KOSDAQ,351870.KQ
036120,서울평가정보,KOSDAQ,036120.KQ
054780,키이스트,KOSDAQ,054780.KQ
444530,심플랫폼,KOSDAQ,444530.KQ
105740,디케이락,KOSDAQ,105740.KQ
222810,세토피아,KOSDAQ,222810.KQ
038880,아이에이,KOSDAQ,038880.KQ
012790,신일제약,KOSDAQ,012790.KQ
348080,큐라티스,KOSDAQ,348080.KQ
357580,아모센스,KOSDAQ,357580.KQ
130580,나이스디앤비,KOSDAQ,130580.KQ
307180,아이엘,KOSDAQ,307180.KQ
412540,제일엠앤에스,KOSDAQ,412540.KQ
042500,링네트,KOSDAQ,042500.KQ
199430,케이엔알시스템,KOSDAQ,199430.KQ
123420,위메이드플레이,KOSDAQ,123420.KQ
036090,위지트,KOSDAQ,036090.KQ
095270,웨이브일렉트로,KOSDAQ,095270.KQ
094840,슈프리마에이치큐,KOSDAQ,094840.KQ
288620,에스퓨얼셀,KOSDAQ,288620.KQ
250060,모비스,KOSDAQ,250060.KQ
083500,에프엔에스테크,KOSDAQ,083500.KQ
049630,재영솔루텍,KOSDAQ,049630.KQ
171120,라이온켐텍,KOSDAQ,171120.KQ
311390,네오크레마,KOSDAQ,311390.KQ
357880,SKAI,KOSDAQ,357880.KQ
020710,시공테크,KOSDAQ,020710.KQ
040910,아이씨디,KOSDAQ,040910.KQ
066980,한성크린텍,KOSDAQ,066980.KQ
222160,NPX,KOSDAQ,222160.KQ
442900,미래에셋드림스팩1호,KOSDAQ,442900.KQ
348350,위드텍,KOSDAQ,348350.KQ
004590,한국가구,KOSDAQ,004590.KQ
002230,피에스텍,KOSDAQ,002230.KQ
389030,지니너스,KOSDAQ,389030.KQ
036670,삼양케이씨아이,KOSDAQ,036670.KQ
214270,FSN,KOSDAQ,214270.KQ
388790,라이콤,KOSDAQ,388790.KQ
097780,에코볼트,KOSDAQ,097780.KQ
081150,티플랙스,KOSDAQ,081150.KQ
419080,엔젯,KOSDAQ,419080.KQ
010170,대한광통신,KOSDAQ,010170.KQ
101330,모베이스,KOSDAQ,101330.KQ
451220,아이엠티,KOSDAQ,451220.KQ
189980,흥국에프엔비,KOSDAQ,189980.KQ
054040,한국컴퓨터,KOSDAQ,054040.KQ
053260,금강철강,KOSDAQ,053260.KQ
049480,오픈베이스,KOSDAQ,049480.KQ
187870,디바이스,KOSDAQ,187870.KQ
263800,데이타솔루션,KOSDAQ,263800.KQ
104620,노랑풍선,KOSDAQ,104620.KQ
101000,KS인더스트리,KOSDAQ,101000.KQ
054300,팬스타엔터프라이즈,KOSDAQ,054300.KQ
218150,미래생명자원,KOSDAQ,218150.KQ
021880,메이슨캐피탈,KOSDAQ,021880.KQ
452400,이닉스,KOSDAQ,452400.KQ
369370,블리츠웨이엔터테인먼트,KOSDAQ,369370.KQ
007820,에스엠코어,KOSDAQ,007820.KQ
172670,에이엘티,KOSDAQ,172670.KQ
054930,유신,KOSDAQ,054930.KQ
128660,피제이메탈,KOSDAQ,128660.KQ
101670,하이드로리튬,KOSDAQ,101670.KQ
950200,소마젠,KOSDAQ,950200.KQ
032540,TJ미디어,KOSDAQ,032540.KQ
361570,알비더블유,KOSDAQ,361570.KQ
333620,엔시스,KOSDAQ,333620.KQ
263600,덕우전자,KOSDAQ,263600.KQ
208860,엔지스테크널러지,KOSDAQ,208860.KQ
010470,오리콤,KOSDAQ,010470.KQ
241690,유니테크노,KOSDAQ,241690.KQ
015710,코콤,KOSDAQ,015710.KQ
355150,코스텍시스,KOSDAQ,355150.KQ
291230,엔피,KOSDAQ,291230.KQ
198440,강동씨앤엘,KOSDAQ,198440.KQ
203690,아크솔루션스,KOSDAQ,203690.KQ
090410,덕신이피씨,KOSDAQ,090410.KQ
052790,액토즈소프트,KOSDAQ,052790.KQ
050960,수산아이앤티,KOSDAQ,050960.KQ
417840,저스템,KOSDAQ,417840.KQ
011320,유니크,KOSDAQ,011320.KQ
239340,이스트에이드,KOSDAQ,239340.KQ
066310,큐에스아이,KOSDAQ,066310.KQ
301300,바이브컴퍼니,KOSDAQ,301300.KQ
037350,성도이엔지,KOSDAQ,037350.KQ
037440,희림,KOSDAQ,037440.KQ
013720,CBI,KOSDAQ,013720.KQ
019990,에너토크,KOSDAQ,019990.KQ
033830,티비씨,KOSDAQ,033830.KQ
153710,옵티팜,KOSDAQ,153710.KQ
041460,한국전자인증,KOSDAQ,041460.KQ
127980,화인써키트,KOSDAQ,127980.KQ
347860,알체라,KOSDAQ,347860.KQ
462510,라메디텍,KOSDAQ,462510.KQ
036710,심텍홀딩스,KOSDAQ,036710.KQ
109860,동일금속,KOSDAQ,109860.KQ
053980,오상자이엘,KOSDAQ,053980.KQ
017480,삼현철강,KOSDAQ,017480.KQ
175250,아이큐어,KOSDAQ,175250.KQ
115440,우리넷,KOSDAQ,115440.KQ
038070,서린바이오,KOSDAQ,038070.KQ
475460,미트박스,KOSDAQ,475460.KQ
277070,린드먼아시아,KOSDAQ,277070.KQ
465480,인스피언,KOSDAQ,465480.KQ
246960,SCL사이언스,KOSDAQ,246960.KQ
063440,SM Life Design,KOSDAQ,063440.KQ
036010,아비코전자,KOSDAQ,036010.KQ
373200,엑스플러스,KOSDAQ,373200.KQ
046120,오르비텍,KOSDAQ,046120.KQ
101170,우림피티에스,KOSDAQ,101170.KQ
039830,오로라,KOSDAQ,039830.KQ
080530,코디,KOSDAQ,080530.KQ
417970,모델솔루션,KOSDAQ,417970.KQ
039010,현대에이치티,KOSDAQ,039010.KQ
044060,조광ILI,KOSDAQ,044060.KQ
065530,와이어블,KOSDAQ,065530.KQ
042110,에스씨디,KOSDAQ,042110.KQ
309930,오하임앤컴퍼니,KOSDAQ,309930.KQ
088390,이녹스,KOSDAQ,088390.KQ
340360,다보링크,KOSDAQ,340360.KQ
250000,보라티알,KOSDAQ,250000.KQ
024740,한일단조,KOSDAQ,024740.KQ
073640,테라사이언스,KOSDAQ,073640.KQ
352700,씨앤투스,KOSDAQ,352700.KQ
054540,삼영엠텍,KOSDAQ,054540.KQ
155650,와이엠씨,KOSDAQ,155650.KQ
059270,해성에어로보틱스,KOSDAQ,059270.KQ
148250,알엔투테크놀로지,KOSDAQ,148250.KQ
059120,아진엑스텍,KOSDAQ,059120.KQ
090470,제이스텍,KOSDAQ,090470.KQ
049550,잉크테크,KOSDAQ,049550.KQ
003310,대주산업,KOSDAQ,003310.KQ
105760,포스뱅크,KOSDAQ,105760.KQ
294630,서남,KOSDAQ,294630.KQ
047770,코데즈컴바인,KOSDAQ,047770.KQ
036000,예림당,KOSDAQ,036000.KQ
206400,베노티앤알,KOSDAQ,206400.KQ
094940,푸른기술,KOSDAQ,094940.KQ
234100,폴라리스세원,KOSDAQ,234100.KQ
226360,KH 건설,KOSDAQ,226360.KQ
068330,일신바이오,KOSDAQ,068330.KQ
219550,디와이디,KOSDAQ,219550.KQ
010280,아이티센엔텍,KOSDAQ,010280.KQ
246690,TS인베스트먼트,KOSDAQ,246690.KQ
096350,대창솔루션,KOSDAQ,096350.KQ
072990,에이치시티,KOSDAQ,072990.KQ
391710,코닉오토메이션,KOSDAQ,391710.KQ
256630,포인트엔지니어링,KOSDAQ,256630.KQ
177900,쓰리에이로직스,KOSDAQ,177900.KQ
237820,플레이디,KOSDAQ,237820.KQ
024840,KBI메탈,KOSDAQ,024840.KQ
450330,하스,KOSDAQ,450330.KQ
109960,AP헬스케어,KOSDAQ,109960.KQ
466410,사이냅소프트,KOSDAQ,466410.KQ
265740,엔에프씨,KOSDAQ,265740.KQ
363250,진시스템,KOSDAQ,363250.KQ
087260,모바일어플라이언스,KOSDAQ,087260.KQ
396300,세아메카닉스,KOSDAQ,396300.KQ
043100,알파녹스,KOSDAQ,043100.KQ
039420,케이엘넷,KOSDAQ,039420.KQ
114450,그린생명과학,KOSDAQ,114450.KQ
066130,하츠,KOSDAQ,066130.KQ
192250,케이사인,KOSDAQ,192250.KQ
900340,윙입푸드,KOSDAQ,900340.KQ
089150,케이씨티,KOSDAQ,089150.KQ
260660,알리코제약,KOSDAQ,260660.KQ
239610,에이치엘사이언스,KOSDAQ,239610.KQ
377220,프롬바이오,KOSDAQ,377220.KQ
457370,한켐,KOSDAQ,457370.KQ
129920,대성하이텍,KOSDAQ,129920.KQ
105330,케이엔더블유,KOSDAQ,105330.KQ
223310,딥마인드,KOSDAQ,223310.KQ
317690,퀀타매트릭스,KOSDAQ,317690.KQ
010240,흥국,KOSDAQ,010240.KQ
072470,우리산업홀딩스,KOSDAQ,072470.KQ
340810,시선AI,KOSDAQ,340810.KQ
464280,티디에스팜,KOSDAQ,464280.KQ
212560,네오오토,KOSDAQ,212560.KQ
351330,이삭엔지니어링,KOSDAQ,351330.KQ
332370,아이디피,KOSDAQ,332370.KQ
263700,케어랩스,KOSDAQ,263700.KQ
024830,세원물산,KOSDAQ,024830.KQ
027580,상보,KOSDAQ,027580.KQ
317850,대모,KOSDAQ,317850.KQ
189690,포시에스,KOSDAQ,189690.KQ
365270,큐라클,KOSDAQ,365270.KQ
160550,NEW,KOSDAQ,160550.KQ
064480,브리지텍,KOSDAQ,064480.KQ
017650,대림제지,KOSDAQ,017650.KQ
007680,대원,KOSDAQ,007680.KQ
053270,구영테크,KOSDAQ,053270.KQ
217190,제너셈,KOSDAQ,217190.KQ
065950,웰크론,KOSDAQ,065950.KQ
111870,KH 미래물산,KOSDAQ,111870.KQ
065130,탑엔지니어링,KOSDAQ,065130.KQ
071670,에이테크솔루션,KOSDAQ,071670.KQ
464580,닷밀,KOSDAQ,464580.KQ
420570,제이투케이바이오,KOSDAQ,420570.KQ
187660,현대ADM,KOSDAQ,187660.KQ
056730,CNT85,KOSDAQ,056730.KQ
321260,프로이천,KOSDAQ,321260.KQ
241790,티이엠씨씨엔에스,KOSDAQ,241790.KQ
043710,서울리거,KOSDAQ,043710.KQ
263690,디알젬,KOSDAQ,263690.KQ
036170,에이치엠넥스,KOSDAQ,036170.KQ
308080,바이젠셀,KOSDAQ,308080.KQ
234920,자이글,KOSDAQ,234920.KQ
173940,에프엔씨엔터,KOSDAQ,173940.KQ
224110,에이텍모빌리티,KOSDAQ,224110.KQ
004780,대륙제관,KOSDAQ,004780.KQ
096630,에스코넥,KOSDAQ,096630.KQ
171010,램테크놀러지,KOSDAQ,171010.KQ
046970,우리로,KOSDAQ,046970.KQ
038010,제일테크노스,KOSDAQ,038010.KQ
078890,가온그룹,KOSDAQ,078890.KQ
450520,인스웨이브,KOSDAQ,450520.KQ
083660,CSA 코스믹,KOSDAQ,083660.KQ
204020,그리티,KOSDAQ,204020.KQ
068050,팬엔터테인먼트,KOSDAQ,068050.KQ
052670,제일바이오,KOSDAQ,052670.KQ
024910,경창산업,KOSDAQ,024910.KQ
219420,링크제니시스,KOSDAQ,219420.KQ
383930,디티앤씨알오,KOSDAQ,383930.KQ
276040,스코넥,KOSDAQ,276040.KQ
419120,산돌,KOSDAQ,419120.KQ
033130,디지틀조선,KOSDAQ,033130.KQ
290090,트윔,KOSDAQ,290090.KQ
037330,인지디스플레,KOSDAQ,037330.KQ
067920,이글루,KOSDAQ,067920.KQ
430690,한싹,KOSDAQ,430690.KQ
037230,한국팩키지,KOSDAQ,037230.KQ
024950,삼천리자전거,KOSDAQ,024950.KQ
336060,웨이버스,KOSDAQ,336060.KQ
057030,YBM넷,KOSDAQ,057030.KQ
057540,옴니시스템,KOSDAQ,057540.KQ
038870,에코바이오,KOSDAQ,038870.KQ
376290,씨유테크,KOSDAQ,376290.KQ
033170,시그네틱스,KOSDAQ,033170.KQ
318160,셀바이오휴먼텍,KOSDAQ,318160.KQ
082210,옵트론텍,KOSDAQ,082210.KQ
097870,효성오앤비,KOSDAQ,097870.KQ
040610,SG&G,KOSDAQ,040610.KQ
242040,나무기술,KOSDAQ,242040.KQ
246720,아스타,KOSDAQ,246720.KQ
065370,위세아이텍,KOSDAQ,065370.KQ
474610,RF시스템즈,KOSDAQ,474610.KQ
033560,블루콤,KOSDAQ,033560.KQ
057680,티사이언티픽,KOSDAQ,057680.KQ
073110,엘엠에스,KOSDAQ,073110.KQ
056700,신화인터텍,KOSDAQ,056700.KQ
066670,디티씨,KOSDAQ,066670.KQ
097800,윈팩,KOSDAQ,097800.KQ
099520,DGI,KOSDAQ,099520.KQ
037030,파워넷,KOSDAQ,037030.KQ
286750,나노실리칸첨단소재,KOSDAQ,286750.KQ
188040,바이오포트,KOSDAQ,188040.KQ
471820,셀로맥스사이언스,KOSDAQ,471820.KQ
462980,아이지넷,KOSDAQ,462980.KQ
438700,버넥트,KOSDAQ,438700.KQ
352910,오비고,KOSDAQ,352910.KQ
069540,빛과전자,KOSDAQ,069540.KQ
201490,미투온,KOSDAQ,201490.KQ
150900,파수,KOSDAQ,150900.KQ
299170,더블유에스아이,KOSDAQ,299170.KQ
109820,진매트릭스,KOSDAQ,109820.KQ
245620,EDGC,KOSDAQ,245620.KQ
053620,태양,KOSDAQ,053620.KQ
159010,아스플로,KOSDAQ,159010.KQ
464500,아이언디바이스,KOSDAQ,464500.KQ
019540,일지테크,KOSDAQ,019540.KQ
359090,씨엔알리서치,KOSDAQ,359090.KQ
056360,코위버,KOSDAQ,056360.KQ
051490,나라엠앤디,KOSDAQ,051490.KQ
290380,대유,KOSDAQ,290380.KQ
039290,인포뱅크,KOSDAQ,039290.KQ
044960,이글벳,KOSDAQ,044960.KQ
273060,와이즈버즈,KOSDAQ,273060.KQ
080010,이상네트웍스,KOSDAQ,080010.KQ
323350,다원넥스뷰,KOSDAQ,323350.KQ
440290,HB인베스트먼트,KOSDAQ,440290.KQ
009730,이렘,KOSDAQ,009730.KQ
318020,포인트모바일,KOSDAQ,318020.KQ
363260,모비데이즈,KOSDAQ,363260.KQ
376980,원티드랩,KOSDAQ,376980.KQ
290720,푸드나무,KOSDAQ,290720.KQ
087600,픽셀플러스,KOSDAQ,087600.KQ
005670,푸드웰,KOSDAQ,005670.KQ
050110,캠시스,KOSDAQ,050110.KQ
217500,러셀,KOSDAQ,217500.KQ
014190,원익큐브,KOSDAQ,014190.KQ
049180,셀루메드,KOSDAQ,049180.KQ
106080,케이이엠텍,KOSDAQ,106080.KQ
351320,넥사다이내믹스,KOSDAQ,351320.KQ
434480,모니터랩,KOSDAQ,434480.KQ
217480,에스디생명공학,KOSDAQ,217480.KQ
195500,마니커에프앤지,KOSDAQ,195500.KQ
066900,디에이피,KOSDAQ,066900.KQ
142760,모아라이프플러스,KOSDAQ,142760.KQ
304840,피플바이오,KOSDAQ,304840.KQ
037760,쎄니트,KOSDAQ,037760.KQ
046940,우원개발,KOSDAQ,046940.KQ
100590,머큐리,KOSDAQ,100590.KQ
313760,캐리,KOSDAQ,313760.KQ
016250,SGC E&C,KOSDAQ,016250.KQ
123570,이엠넷,KOSDAQ,123570.KQ
014570,고려제약,KOSDAQ,014570.KQ
088910,동우팜투테이블,KOSDAQ,088910.KQ
036180,지더블유바이텍,KOSDAQ,036180.KQ
052900,KX하이텍,KOSDAQ,052900.KQ
440320,오픈놀,KOSDAQ,440320.KQ
046390,삼화네트웍스,KOSDAQ,046390.KQ
052600,한네트,KOSDAQ,052600.KQ
424980,마이크로투나노,KOSDAQ,424980.KQ
053160,프리엠스,KOSDAQ,053160.KQ
088130,동아엘텍,KOSDAQ,088130.KQ
049830,승일,KOSDAQ,049830.KQ
066910,손오공,KOSDAQ,066910.KQ
198080,엔피디,KOSDAQ,198080.KQ
900100,애머릿지,KOSDAQ,900100.KQ
081580,성우전자,KOSDAQ,081580.KQ
307870,비투엔,KOSDAQ,307870.KQ
053950,경남제약,KOSDAQ,053950.KQ
133750,메가엠디,KOSDAQ,133750.KQ
100030,인지소프트,KOSDAQ,100030.KQ
327260,RF머트리얼즈,KOSDAQ,327260.KQ
418250,시큐레터,KOSDAQ,418250.KQ
170790,파이오링크,KOSDAQ,170790.KQ
148780,비큐AI,KOSDAQ,148780.KQ
140430,카티스,KOSDAQ,140430.KQ
452160,제이엔비,KOSDAQ,452160.KQ
340930,유일에너테크,KOSDAQ,340930.KQ
033540,파라텍,KOSDAQ,033540.KQ
099410,동방선기,KOSDAQ,099410.KQ
256150,한독크린텍,KOSDAQ,256150.KQ
460470,아이빔테크놀로지,KOSDAQ,460470.KQ
122690,서진오토모티브,KOSDAQ,122690.KQ
178780,일월지엠엘,KOSDAQ,178780.KQ
294090,이오플로우,KOSDAQ,294090.KQ
376180,피코그램,KOSDAQ,376180.KQ
066430,와이오엠,KOSDAQ,066430.KQ
290740,액트로,KOSDAQ,290740.KQ
008370,원풍,KOSDAQ,008370.KQ
096610,알에프세미,KOSDAQ,096610.KQ
037370,EG,KOSDAQ,037370.KQ
092300,현우산업,KOSDAQ,092300.KQ
321370,센서뷰,KOSDAQ,321370.KQ
104040,대성파인텍,KOSDAQ,104040.KQ
239890,피엔에이치테크,KOSDAQ,239890.KQ
314140,알피바이오,KOSDAQ,314140.KQ
043200,파루,KOSDAQ,043200.KQ
049120,파인디앤씨,KOSDAQ,049120.KQ
072770,율호,KOSDAQ,072770.KQ
075130,플랜티넷,KOSDAQ,075130.KQ
096690,에이루트,KOSDAQ,096690.KQ
117670,알파칩스,KOSDAQ,117670.KQ
263050,유틸렉스,KOSDAQ,263050.KQ
052770,아이톡시,KOSDAQ,052770.KQ
238090,앤디포스,KOSDAQ,238090.KQ
303530,이노뎁,KOSDAQ,303530.KQ
016600,큐캐피탈,KOSDAQ,016600.KQ
007530,와이엠,KOSDAQ,007530.KQ
270870,뉴트리,KOSDAQ,270870.KQ
109080,옵티시스,KOSDAQ,109080.KQ
042040,케이피엠테크,KOSDAQ,042040.KQ
279600,미디어젠,KOSDAQ,279600.KQ
900310,컬러레이,KOSDAQ,900310.KQ
115160,휴맥스,KOSDAQ,115160.KQ
457600,벡트,KOSDAQ,457600.KQ
045340,토탈소프트,KOSDAQ,045340.KQ
101240,씨큐브,KOSDAQ,101240.KQ
043340,에쎈테크,KOSDAQ,043340.KQ
263770,유에스티,KOSDAQ,263770.KQ
050860,아세아텍,KOSDAQ,050860.KQ
236810,엔비티,KOSDAQ,236810.KQ
277410,인산가,KOSDAQ,277410.KQ
103840,우양,KOSDAQ,103840.KQ
153460,네이블,KOSDAQ,153460.KQ
086040,바이오톡스텍,KOSDAQ,086040.KQ
069410,엔텔스,KOSDAQ,069410.KQ
448740,삼성스팩8호,KOSDAQ,448740.KQ
317530,캐리소프트,KOSDAQ,317530.KQ
099390,브레인즈컴퍼니,KOSDAQ,099390.KQ
006050,국영지앤엠,KOSDAQ,006050.KQ
318410,비비씨,KOSDAQ,318410.KQ
091590,남화토건,KOSDAQ,091590.KQ
262840,아이퀘스트,KOSDAQ,262840.KQ
271830,팸텍,KOSDAQ,271830.KQ
140520,대창스틸,KOSDAQ,140520.KQ
413630,씨피시스템,KOSDAQ,413630.KQ
082660,코스나인,KOSDAQ,082660.KQ
220180,핸디소프트,KOSDAQ,220180.KQ
353590,오토앤,KOSDAQ,353590.KQ
368600,아이씨에이치,KOSDAQ,368600.KQ
024940,PN풍년,KOSDAQ,024940.KQ
360350,코셈,KOSDAQ,360350.KQ
046310,백금T&A,KOSDAQ,046310.KQ
418620,E8,KOSDAQ,418620.KQ
452300,캡스톤파트너스,KOSDAQ,452300.KQ
225220,제놀루션,KOSDAQ,225220.KQ
126640,화신정공,KOSDAQ,126640.KQ
038620,위즈코프,KOSDAQ,038620.KQ
129890,앱코,KOSDAQ,129890.KQ
200230,텔콘RF제약,KOSDAQ,200230.KQ
387570,파인메딕스,KOSDAQ,387570.KQ
022220,TKG애강,KOSDAQ,022220.KQ
052300,오션인더블유,KOSDAQ,052300.KQ
398120,에스지헬스케어,KOSDAQ,398120.KQ
114630,폴라리스우노,KOSDAQ,114630.KQ
258610,케일럼,KOSDAQ,258610.KQ
064520,테크엘,KOSDAQ,064520.KQ
417860,오브젠,KOSDAQ,417860.KQ
406820,뷰티스킨,KOSDAQ,406820.KQ
290120,DH오토리드,KOSDAQ,290120.KQ
032860,더라미,KOSDAQ,032860.KQ
032790,엠젠솔루션,KOSDAQ,032790.KQ
254120,자비스,KOSDAQ,254120.KQ
025880,케이씨피드,KOSDAQ,025880.KQ
031310,아이즈비전,KOSDAQ,031310.KQ
417180,핑거스토리,KOSDAQ,417180.KQ
190650,코리아에셋투자증권,KOSDAQ,190650.KQ
036690,코맥스,KOSDAQ,036690.KQ
089790,제이티,KOSDAQ,089790.KQ
075970,동국알앤에스,KOSDAQ,075970.KQ
199480,뱅크웨어글로벌,KOSDAQ,199480.KQ
060850,영림원소프트랩,KOSDAQ,060850.KQ
221980,케이디켐,KOSDAQ,221980.KQ
238120,얼라인드,KOSDAQ,238120.KQ
033200,모아텍,KOSDAQ,033200.KQ
200780,비씨월드제약,KOSDAQ,200780.KQ
100660,서암기계공업,KOSDAQ,100660.KQ
104200,NHN벅스,KOSDAQ,104200.KQ
013810,스페코,KOSDAQ,013810.KQ
016100,리더스코스메틱,KOSDAQ,016100.KQ
088290,이원컴포텍,KOSDAQ,088290.KQ
049080,기가레인,KOSDAQ,049080.KQ
348030,모비릭스,KOSDAQ,348030.KQ
045060,오공,KOSDAQ,045060.KQ
085910,네오티스,KOSDAQ,085910.KQ
189330,씨이랩,KOSDAQ,189330.KQ
002290,삼일기업공사,KOSDAQ,002290.KQ
032960,동일기연,KOSDAQ,032960.KQ
128540,에코캡,KOSDAQ,128540.KQ
263920,휴엠앤씨,KOSDAQ,263920.KQ
373170,엠아이큐브솔루션,KOSDAQ,373170.KQ
122350,삼기,KOSDAQ,122350.KQ
053290,NE능률,KOSDAQ,053290.KQ
020180,대신정보통신,KOSDAQ,020180.KQ
038060,루멘스,KOSDAQ,038060.KQ
019770,서연탑메탈,KOSDAQ,019770.KQ
026040,제이에스티나,KOSDAQ,026040.KQ
088280,쏘닉스,KOSDAQ,088280.KQ
203450,유니온바이오메트릭스,KOSDAQ,203450.KQ
356890,싸이버원,KOSDAQ,356890.KQ
431190,케이쓰리아이,KOSDAQ,431190.KQ
127710,아시아경제,KOSDAQ,127710.KQ
065440,이루온,KOSDAQ,065440.KQ
263020,디케이앤디,KOSDAQ,263020.KQ
335870,윙스풋,KOSDAQ,335870.KQ
025440,DH오토웨어,KOSDAQ,025440.KQ
048470,대동스틸,KOSDAQ,048470.KQ
123010,아이윈플러스,KOSDAQ,123010.KQ
288980,모아데이타,KOSDAQ,288980.KQ
051390,YW,KOSDAQ,051390.KQ
307280,원바이오젠,KOSDAQ,307280.KQ
276730,한울앤제주,KOSDAQ,276730.KQ
263810,상신전자,KOSDAQ,263810.KQ
138070,신진에스엠,KOSDAQ,138070.KQ
332290,누보,KOSDAQ,332290.KQ
019660,글로본,KOSDAQ,019660.KQ
177830,파버나인,KOSDAQ,177830.KQ
189860,서전기전,KOSDAQ,189860.KQ
303360,프로티아,KOSDAQ,303360.KQ
071850,캐스텍코리아,KOSDAQ,071850.KQ
475660,에스켐,KOSDAQ,475660.KQ
306040,에스제이그룹,KOSDAQ,306040.KQ
290660,네오펙트,KOSDAQ,290660.KQ
900270,헝셩그룹,KOSDAQ,900270.KQ
285800,진영,KOSDAQ,285800.KQ
021650,한국큐빅,KOSDAQ,021650.KQ
032580,피델릭스,KOSDAQ,032580.KQ
032750,삼진,KOSDAQ,032750.KQ
169330,엠브레인,KOSDAQ,169330.KQ
058110,멕아이씨에스,KOSDAQ,058110.KQ
040160,누리플렉스,KOSDAQ,040160.KQ
018680,서울제약,KOSDAQ,018680.KQ
024120,KB오토시스,KOSDAQ,024120.KQ
032680,소프트센,KOSDAQ,032680.KQ
148930,에이치와이티씨,KOSDAQ,148930.KQ
227950,엔투텍,KOSDAQ,227950.KQ
284620,카이노스메드,KOSDAQ,284620.KQ
050120,ES큐브,KOSDAQ,050120.KQ
322780,코퍼스코리아,KOSDAQ,322780.KQ
318000,KBG,KOSDAQ,318000.KQ
340440,세림B&G,KOSDAQ,340440.KQ
094970,제이엠티,KOSDAQ,094970.KQ
083550,케이엠,KOSDAQ,083550.KQ
222420,쎄노텍,KOSDAQ,222420.KQ
354200,엔젠바이오,KOSDAQ,354200.KQ
130500,GH신소재,KOSDAQ,130500.KQ
095910,에스에너지,KOSDAQ,095910.KQ
208640,썸에이지,KOSDAQ,208640.KQ
131100,티엔엔터테인먼트,KOSDAQ,131100.KQ
066360,체리부로,KOSDAQ,066360.KQ
001000,신라섬유,KOSDAQ,001000.KQ
222980,한국맥널티,KOSDAQ,222980.KQ
296640,이노룰스,KOSDAQ,296640.KQ
372800,아이티아이즈,KOSDAQ,372800.KQ
226340,본느,KOSDAQ,226340.KQ
238490,힘스,KOSDAQ,238490.KQ
377330,이지트로닉스,KOSDAQ,377330.KQ
452980,신한제11호스팩,KOSDAQ,452980.KQ
328380,솔트웨어,KOSDAQ,328380.KQ
288330,브릿지바이오테라퓨틱스,KOSDAQ,288330.KQ
011080,형지I&C,KOSDAQ,011080.KQ
139670,키네마스터,KOSDAQ,139670.KQ
227610,아우딘퓨쳐스,KOSDAQ,227610.KQ
067170,오텍,KOSDAQ,067170.KQ
331380,포커스에이아이,KOSDAQ,331380.KQ
131220,대한과학,KOSDAQ,131220.KQ
109670,씨싸이트,KOSDAQ,109670.KQ
079000,와토스코리아,KOSDAQ,079000.KQ
080520,오디텍,KOSDAQ,080520.KQ
115480,씨유메디칼,KOSDAQ,115480.KQ
119500,포메탈,KOSDAQ,119500.KQ
228340,동양파일,KOSDAQ,228340.KQ
113810,디젠스,KOSDAQ,113810.KQ
419540,비스토스,KOSDAQ,419540.KQ
072950,빛샘전자,KOSDAQ,072950.KQ
347770,핌스,KOSDAQ,347770.KQ
110020,전진바이오팜,KOSDAQ,110020.KQ
123840,뉴온,KOSDAQ,123840.KQ
432980,엠에프씨,KOSDAQ,432980.KQ
035200,프럼파스트,KOSDAQ,035200.KQ
333050,모코엠시스,KOSDAQ,333050.KQ
001810,무림SP,KOSDAQ,001810.KQ
016920,카스,KOSDAQ,016920.KQ
051380,피씨디렉트,KOSDAQ,051380.KQ
367000,플래티어,KOSDAQ,367000.KQ
274400,이노시뮬레이션,KOSDAQ,274400.KQ
059100,아이컴포넌트,KOSDAQ,059100.KQ
067010,이씨에스,KOSDAQ,067010.KQ
086060,진바이오텍,KOSDAQ,086060.KQ
079170,한창산업,KOSDAQ,079170.KQ
373110,엑셀세라퓨틱스,KOSDAQ,373110.KQ
187270,신화콘텍,KOSDAQ,187270.KQ
089140,넥스턴바이오,KOSDAQ,089140.KQ
052460,아이크래프트,KOSDAQ,052460.KQ
196490,디에이테크놀로지,KOSDAQ,196490.KQ
221800,유투바이오,KOSDAQ,221800.KQ
291650,압타머사이언스,KOSDAQ,291650.KQ
001840,이화공영,KOSDAQ,001840.KQ
257370,피엔티엠에스,KOSDAQ,257370.KQ
362990,드림인사이트,KOSDAQ,362990.KQ
267790,배럴,KOSDAQ,267790.KQ
405000,플라즈맵,KOSDAQ,405000.KQ
138360,협진,KOSDAQ,138360.KQ
303030,지니틱스,KOSDAQ,303030.KQ
137080,나래나노텍,KOSDAQ,137080.KQ
415380,스튜디오삼익,KOSDAQ,415380.KQ
131760,파인텍,KOSDAQ,131760.KQ
159910,에코글로우,KOSDAQ,159910.KQ
067730,로지시스,KOSDAQ,067730.KQ
060540,에스에이티,KOSDAQ,060540.KQ
038950,파인디지털,KOSDAQ,038950.KQ
068100,케이웨더,KOSDAQ,068100.KQ
007770,한일화학,KOSDAQ,007770.KQ
221840,하이즈항공,KOSDAQ,221840.KQ
137940,넥스트아이,KOSDAQ,137940.KQ
146060,율촌,KOSDAQ,146060.KQ
047080,한빛소프트,KOSDAQ,047080.KQ
017000,신원종합개발,KOSDAQ,017000.KQ
006920,모헨즈,KOSDAQ,006920.KQ
153490,우리이앤엘,KOSDAQ,153490.KQ
091340,S&K폴리텍,KOSDAQ,091340.KQ
290270,휴네시온,KOSDAQ,290270.KQ
192390,윈하이텍,KOSDAQ,192390.KQ
090150,아이윈,KOSDAQ,090150.KQ
252500,세화피앤씨,KOSDAQ,252500.KQ
131090,시큐브,KOSDAQ,131090.KQ
187220,디티앤씨,KOSDAQ,187220.KQ
060900,DGP,KOSDAQ,060900.KQ
012620,원일특강,KOSDAQ,012620.KQ
052860,아이앤씨,KOSDAQ,052860.KQ
018700,바른손,KOSDAQ,018700.KQ
405920,나라셀라,KOSDAQ,405920.KQ
115530,씨엔플러스,KOSDAQ,115530.KQ
310870,디와이씨,KOSDAQ,310870.KQ
297570,알로이스,KOSDAQ,297570.KQ
308100,형지글로벌,KOSDAQ,308100.KQ
193250,링크드,KOSDAQ,193250.KQ
208710,포톤,KOSDAQ,208710.KQ
038530,케이바이오,KOSDAQ,038530.KQ
080470,성창오토텍,KOSDAQ,080470.KQ
036480,대성미생물,KOSDAQ,036480.KQ
187790,나노,KOSDAQ,187790.KQ
034940,조아제약,KOSDAQ,034940.KQ
035620,바른손이앤에이,KOSDAQ,035620.KQ
214610,더바이오메드,KOSDAQ,214610.KQ
008470,부스타,KOSDAQ,008470.KQ
196450,코아시아씨엠,KOSDAQ,196450.KQ
021040,대호특수강,KOSDAQ,021040.KQ
900300,오가닉티코스메틱,KOSDAQ,900300.KQ
121850,코이즈,KOSDAQ,121850.KQ
060230,소니드,KOSDAQ,060230.KQ
318010,팜스빌,KOSDAQ,318010.KQ
076080,웰크론한텍,KOSDAQ,076080.KQ
085810,알티캐스트,KOSDAQ,085810.KQ
035460,기산텔레콤,KOSDAQ,035460.KQ
331520,밸로프,KOSDAQ,331520.KQ
184230,SGA솔루션즈,KOSDAQ,184230.KQ
335810,프리시젼바이오,KOSDAQ,335810.KQ
078590,휴림에이텍,KOSDAQ,078590.KQ
154030,아시아종묘,KOSDAQ,154030.KQ
031510,오스템,KOSDAQ,031510.KQ
045300,성우테크론,KOSDAQ,045300.KQ
012340,뉴인텍,KOSDAQ,012340.KQ
900110,이스트아시아홀딩스,KOSDAQ,900110.KQ
198940,한주라이트메탈,KOSDAQ,198940.KQ
048770,TPC,KOSDAQ,048770.KQ
240600,유진테크놀로지,KOSDAQ,240600.KQ
469750,아이비젼웍스,KOSDAQ,469750.KQ
068940,셀피글로벌,KOSDAQ,068940.KQ
045520,크린앤사이언스,KOSDAQ,045520.KQ
451700,엔에이치스팩29호,KOSDAQ,451700.KQ
290520,신도기연,KOSDAQ,290520.KQ
079650,서산,KOSDAQ,079650.KQ
412350,레이저쎌,KOSDAQ,412350.KQ
355690,에이텀,KOSDAQ,355690.KQ
037400,우리엔터프라이즈,KOSDAQ,037400.KQ
246250,에스엘에스바이오,KOSDAQ,246250.KQ
237750,피앤씨테크,KOSDAQ,237750.KQ
072520,제넨바이오,KOSDAQ,072520.KQ
131180,딜리,KOSDAQ,131180.KQ
197140,디지캡,KOSDAQ,197140.KQ
352940,인바이오,KOSDAQ,352940.KQ
033050,제이엠아이,KOSDAQ,033050.KQ
389680,유디엠텍,KOSDAQ,389680.KQ
289010,아이스크림에듀,KOSDAQ,289010.KQ
199730,바이오인프라,KOSDAQ,199730.KQ
028080,휴맥스홀딩스,KOSDAQ,028080.KQ
073190,듀오백,KOSDAQ,073190.KQ
032080,아즈텍WB,KOSDAQ,032080.KQ
039310,세중,KOSDAQ,039310.KQ
258790,소프트캠프,KOSDAQ,258790.KQ
215380,우정바이오,KOSDAQ,215380.KQ
045510,정원엔시스,KOSDAQ,045510.KQ
353190,휴럼,KOSDAQ,353190.KQ
016670,디모아,KOSDAQ,016670.KQ
070590,한솔인티큐브,KOSDAQ,070590.KQ
098660,에스티오,KOSDAQ,098660.KQ
368970,오에스피,KOSDAQ,368970.KQ
018620,우진비앤지,KOSDAQ,018620.KQ
238200,비피도,KOSDAQ,238200.KQ
050760,에스폴리텍,KOSDAQ,050760.KQ
043220,티에스넥스젠,KOSDAQ,043220.KQ
023770,플레이위드,KOSDAQ,023770.KQ
232830,아이티센피엔에스,KOSDAQ,232830.KQ
229000,젠큐릭스,KOSDAQ,229000.KQ
147760,피엠티,KOSDAQ,147760.KQ
217620,선샤인푸드,KOSDAQ,217620.KQ
143540,영우디에스피,KOSDAQ,143540.KQ
365900,브이씨,KOSDAQ,365900.KQ
331920,셀레믹스,KOSDAQ,331920.KQ
312610,에이에프더블류,KOSDAQ,312610.KQ
093380,풍강,KOSDAQ,093380.KQ
464680,KB제27호스팩,KOSDAQ,464680.KQ
101400,엔시트론,KOSDAQ,101400.KQ
060380,동양에스텍,KOSDAQ,060380.KQ
377460,위니아에이드,KOSDAQ,377460.KQ
014100,메디앙스,KOSDAQ,014100.KQ
317240,TS트릴리온,KOSDAQ,317240.KQ
115570,스타플렉스,KOSDAQ,115570.KQ
032800,판타지오,KOSDAQ,032800.KQ
073570,리튬포어스,KOSDAQ,073570.KQ
290560,신시웨이,KOSDAQ,290560.KQ
054940,엑사이엔씨,KOSDAQ,054940.KQ
115610,이미지스,KOSDAQ,115610.KQ
032280,삼일,KOSDAQ,032280.KQ
091970,나노캠텍,KOSDAQ,091970.KQ
070300,엑스큐어,KOSDAQ,070300.KQ
429270,시지트로닉스,KOSDAQ,429270.KQ
225590,패션플랫폼,KOSDAQ,225590.KQ
053060,세동,KOSDAQ,053060.KQ
002680,한탑,KOSDAQ,002680.KQ
083640,인콘,KOSDAQ,083640.KQ
344860,이노진,KOSDAQ,344860.KQ
065170,비엘팜텍,KOSDAQ,065170.KQ
361670,삼영에스앤씨,KOSDAQ,361670.KQ
317120,라닉스,KOSDAQ,317120.KQ
065650,하이퍼코퍼레이션,KOSDAQ,065650.KQ
139050,BF랩스,KOSDAQ,139050.KQ
025870,신라에스지,KOSDAQ,025870.KQ
247660,나노씨엠에스,KOSDAQ,247660.KQ
103230,에스앤더블류,KOSDAQ,103230.KQ
009620,삼보산업,KOSDAQ,009620.KQ
291810,핀텔,KOSDAQ,291810.KQ
044780,에이치케이,KOSDAQ,044780.KQ
204630,스튜디오산타클로스,KOSDAQ,204630.KQ
083470,이엠앤아이,KOSDAQ,083470.KQ
298060,에스씨엠생명과학,KOSDAQ,298060.KQ
208350,지란지교시큐리티,KOSDAQ,208350.KQ
121890,에스디시스템,KOSDAQ,121890.KQ
900260,로스웰,KOSDAQ,900260.KQ
065150,대산F&B,KOSDAQ,065150.KQ
084440,유비온,KOSDAQ,084440.KQ
065770,CS,KOSDAQ,065770.KQ
039740,한국정보공학,KOSDAQ,039740.KQ
215480,토박스코리아,KOSDAQ,215480.KQ
258830,세종메디칼,KOSDAQ,258830.KQ
191410,육일씨엔에쓰,KOSDAQ,191410.KQ
468510,삼성스팩9호,KOSDAQ,468510.KQ
031860,디에이치엑스컴퍼니,KOSDAQ,031860.KQ
071460,위니아,KOSDAQ,071460.KQ
900070,글로벌에스엠,KOSDAQ,900070.KQ
017250,인터엠,KOSDAQ,017250.KQ
065060,지엔코,KOSDAQ,065060.KQ
179530,애드바이오텍,KOSDAQ,179530.KQ
089230,THE E&M,KOSDAQ,089230.KQ
080720,한국유니온제약,KOSDAQ,080720.KQ
094860,네오리진,KOSDAQ,094860.KQ
054220,비츠로시스,KOSDAQ,054220.KQ
060260,뉴보텍,KOSDAQ,060260.KQ
230980,비유테크놀러지,KOSDAQ,230980.KQ
008290,원풍물산,KOSDAQ,008290.KQ
101680,한국정밀기계,KOSDAQ,101680.KQ
196700,웹스,KOSDAQ,196700.KQ
019570,플루토스,KOSDAQ,019570.KQ
054410,케이피티유,KOSDAQ,054410.KQ
073540,에프알텍,KOSDAQ,073540.KQ
134060,이퓨쳐,KOSDAQ,134060.KQ
154040,다산솔루에타,KOSDAQ,154040.KQ
063760,이엘피,KOSDAQ,063760.KQ
043360,디지아이,KOSDAQ,043360.KQ
067770,세진티에스,KOSDAQ,067770.KQ
048830,엔피케이,KOSDAQ,048830.KQ
035290,골드앤에스,KOSDAQ,035290.KQ
449020,유안타제13호스팩,KOSDAQ,449020.KQ
049470,SGA,KOSDAQ,049470.KQ
130740,티피씨글로벌,KOSDAQ,130740.KQ
054090,삼진엘앤디,KOSDAQ,054090.KQ
177350,베셀,KOSDAQ,177350.KQ
076610,해성옵틱스,KOSDAQ,076610.KQ
051780,큐로홀딩스,KOSDAQ,051780.KQ
020400,대동금속,KOSDAQ,020400.KQ
123750,알톤,KOSDAQ,123750.KQ
188260,세니젠,KOSDAQ,188260.KQ
079190,케스피온,KOSDAQ,079190.KQ
023790,동일스틸럭스,KOSDAQ,023790.KQ
060480,국일신동,KOSDAQ,060480.KQ
069140,누리플랜,KOSDAQ,069140.KQ
044480,빌리언스,KOSDAQ,044480.KQ
192410,오늘이엔엠,KOSDAQ,192410.KQ
439410,엔에이치스팩26호,KOSDAQ,439410.KQ
215790,이노인스트루먼트,KOSDAQ,215790.KQ
106240,파인테크닉스,KOSDAQ,106240.KQ
466910,엔에이치스팩30호,KOSDAQ,466910.KQ
275630,에스에스알,KOSDAQ,275630.KQ
065420,에스아이리소스,KOSDAQ,065420.KQ
424760,벨로크,KOSDAQ,424760.KQ
900120,씨엑스아이,KOSDAQ,900120.KQ
044180,KD,KOSDAQ,044180.KQ
241820,피씨엘,KOSDAQ,241820.KQ
043590,웰킵스하이텍,KOSDAQ,043590.KQ
069330,유아이디,KOSDAQ,069330.KQ
096870,엘디티,KOSDAQ,096870.KQ
026910,광진실업,KOSDAQ,026910.KQ
250930,예선테크,KOSDAQ,250930.KQ
478780,대신밸런스제18호스팩,KOSDAQ,478780.KQ
050090,비케이홀딩스,KOSDAQ,050090.KQ
225430,케이엠제약,KOSDAQ,225430.KQ
224060,더코디,KOSDAQ,224060.KQ
092600,앤씨앤,KOSDAQ,092600.KQ
058450,한주에이알티,KOSDAQ,058450.KQ
440820,엔에이치스팩27호,KOSDAQ,440820.KQ
477380,미래에셋비전스팩4호,KOSDAQ,477380.KQ
482680,미래에셋비전스팩7호,KOSDAQ,482680.KQ
027040,서울전자통신,KOSDAQ,027040.KQ
106520,노블엠앤비,KOSDAQ,106520.KQ
457630,대신밸런스제16호스팩,KOSDAQ,457630.KQ
430220,신영스팩8호,KOSDAQ,430220.KQ
469880,하나30호스팩,KOSDAQ,469880.KQ
477340,에이치엠씨제7호스팩,KOSDAQ,477340.KQ
065690,파커스,KOSDAQ,065690.KQ
227100,퀀텀온,KOSDAQ,227100.KQ
454750,하나28호스팩,KOSDAQ,454750.KQ
054180,메디콕스,KOSDAQ,054180.KQ
479880,한국제15호스팩,KOSDAQ,479880.KQ
442310,대신밸런스제14호스팩,KOSDAQ,442310.KQ
478440,미래에셋비전스팩6호,KOSDAQ,478440.KQ
473050,유안타제15호스팩,KOSDAQ,473050.KQ
079950,인베니아,KOSDAQ,079950.KQ
489480,키움제11호스팩,KOSDAQ,489480.KQ
352770,셀레스트라,KOSDAQ,352770.KQ
032980,바이온,KOSDAQ,032980.KQ
030350,드래곤플라이,KOSDAQ,030350.KQ
471050,대신밸런스제17호스팩,KOSDAQ,471050.KQ
489730,디비금융제13호스팩,KOSDAQ,489730.KQ
478390,KB제29호스팩,KOSDAQ,478390.KQ
481890,엔에이치스팩31호,KOSDAQ,481890.KQ
446750,하나26호스팩,KOSDAQ,446750.KQ
054630,에이디칩스,KOSDAQ,054630.KQ
446840,키움제8호스팩,KOSDAQ,446840.KQ
482520,교보16호스팩,KOSDAQ,482520.KQ
492220,KB제31호스팩,KOSDAQ,492220.KQ
477760,DB금융스팩12호,KOSDAQ,477760.KQ
065570,삼영이엔씨,KOSDAQ,065570.KQ
448370,하나27호스팩,KOSDAQ,448370.KQ
474660,신한제12호스팩,KOSDAQ,474660.KQ
482690,대신밸런스제19호스팩,KOSDAQ,482690.KQ
446190,미래에셋비전스팩2호,KOSDAQ,446190.KQ
445970,신영스팩9호,KOSDAQ,445970.KQ
477470,미래에셋비전스팩5호,KOSDAQ,477470.KQ
469900,하나31호스팩,KOSDAQ,469900.KQ
174880,장원테크,KOSDAQ,174880.KQ
487360,신한제14호스팩,KOSDAQ,487360.KQ
454640,하나29호스팩,KOSDAQ,454640.KQ
496070,신한제16호스팩,KOSDAQ,496070.KQ
486630,KB제30호스팩,KOSDAQ,486630.KQ
474490,유안타제16호스팩,KOSDAQ,474490.KQ
476470,KB제28호스팩,KOSDAQ,476470.KQ
444920,유안타제11호스팩,KOSDAQ,444920.KQ
489210,교보17호스팩,KOSDAQ,489210.KQ
452670,상상인제4호스팩,KOSDAQ,452670.KQ
493790,유안타제17호스팩,KOSDAQ,493790.KQ
448830,미래에셋비전스팩3호,KOSDAQ,448830.KQ
446150,유안타제12호스팩,KOSDAQ,446150.KQ
450050,하이제8호스팩,KOSDAQ,450050.KQ
03481K,해성산업1우,KOSDAQ,03481K.KQ
455910,에스케이증권제9호스팩,KOSDAQ,455910.KQ
472220,신영스팩10호,KOSDAQ,472220.KQ
455310,한화플러스제4호스팩,KOSDAQ,455310.KQ
478110,이베스트스팩6호,KOSDAQ,478110.KQ
448760,IBKS제22호스팩,KOSDAQ,448760.KQ
498390,한화플러스제5호스팩,KOSDAQ,498390.KQ
488060,유진스팩11호,KOSDAQ,488060.KQ
484130,하나34호스팩,KOSDAQ,484130.KQ
450940,유안타제14호스팩,KOSDAQ,450940.KQ
464440,한국제13호스팩,KOSDAQ,464440.KQ
455250,KB제25호스팩,KOSDAQ,455250.KQ
467930,IBKS제23호스팩,KOSDAQ,467930.KQ
456490,교보14호스팩,KOSDAQ,456490.KQ
445360,비엔케이제1호스팩,KOSDAQ,445360.KQ
458610,한국제12호스팩,KOSDAQ,458610.KQ
469480,IBKS제24호스팩,KOSDAQ,469480.KQ
473950,에스케이증권제13호스팩,KOSDAQ,473950.KQ
487720,키움제10호스팩,KOSDAQ,487720.KQ
442770,IBKS제21호스팩,KOSDAQ,442770.KQ
468760,유진스팩10호,KOSDAQ,468760.KQ
487830,신한제15호스팩,KOSDAQ,487830.KQ
244460,올리패스,KOSDAQ,244460.KQ
462020,에이치엠씨제6호스팩,KOSDAQ,462020.KQ
440790,교보13호스팩,KOSDAQ,440790.KQ
472230,에스케이증권제11호스팩,KOSDAQ,472230.KQ
473370,비엔케이제2호스팩,KOSDAQ,473370.KQ
465320,교보15호스팩,KOSDAQ,465320.KQ
475250,하나33호스팩,KOSDAQ,475250.KQ
474930,신한제13호스팩,KOSDAQ,474930.KQ
442130,유진스팩9호,KOSDAQ,442130.KQ
323230,엠에프엠코리아,KOSDAQ,323230.KQ
475240,하나32호스팩,KOSDAQ,475240.KQ
473000,에스케이증권제12호스팩,KOSDAQ,473000.KQ
457940,에스케이증권제10호스팩,KOSDAQ,457940.KQ
079970,투비소프트,KOSDAQ,079970.KQ
438580,엔에이치스팩25호,KOSDAQ,438580.KQ
060240,스타코링크,KOSDAQ,060240.KQ
101390,아이엠,KOSDAQ,101390.KQ
043090,더테크놀로지,KOSDAQ,043090.KQ
023460,CNH,KOSDAQ,023460.KQ
032685,소프트센우,KOSDAQ,032685.KQ
021045,대호특수강우,KOSDAQ,021045.KQ
